Отметка времени,İşlədiyiniz müəssisənin növü,Elmi tədqiqatın ixtisas sahəsi  ,Vəzifəniz (ştat və ya yarımştat),Neçə ildir elmi rəhbər kimi çalışırsınız?,Hazırda rəhbərlik etdiyiniz doktorantların sayı  ,Çalışdığınız müəssisənin yerləşdiyi region,Elmi rəhbərlik forması, Tələbələrinizlə rəsmi elmi rəhbərlik görüşlərinin tezliyi ,Doktorantura proqramının başlanğıcında gözləntilər sizə aydın olurmu?,Akademik avtoritet kimi çıxış etmək,Tədqiqat metodlarını öyrətmək,Elmi etikaya yüksək səviyyədə riayət olunmasını təmin etmək ,İmtahanlara hazırlanma prosesində iştirak ,Nəşrlərlə bağlı məsləhət və dəstək vermək  ,Doktorantı şəxsi elmi tədqiqat layihələrinə cəlb etmək ,Elmi rəhbər kimi öhdəliklərimi səmərəli şəkildə yerinə yetirmək üçün kifayət qədər vaxtım var,Müəssisə doktorantlara elmi rəhbərlik üçün kifayət qədər inzibati dəstək göstərir ,Çalışdığım müəssisədə elmi rəhbərlər üçün təlim imkanları əlçatandır ,Dissertasiya şurasının prosedurları elmi keyfiyyəti və işin vaxtında tamamlanmasını təmin edir ,Mövcud maliyyələşdirmə mexanizmləri doktoranturanın uğurla tamamlanması üçün kifayətdir,Doktorantlar ümumilikdə dissertasiyanın təqdimatı və müdafiəsi üçün hazırlıqlı olurlar,Doktorantların təhsilini uğurla başa vurmaq üçün tələb olunan kurslarda iştirak etmək imkanları kifayət qədərdirmi?  ,Doktorantlarımın əksəriyyəti təhsillərini gözlənilən müddət ərzində uğurla tamamlaya bilirlər,Doktoranturanın tamamlanmasında yaranan gecikmələrin əksəriyyəti doktorantın özündən asılı olmayan amillərlə bağlıdır ,"Təcrübənizə əsasən, müəssisənizdə doktorantların doktorantura layihəsini tamamlaması üçün tələb olunan orta müddət nə qədərdir? ",Doktorantura proqramlarının icrası doktorantların akademik olmayan mühitdə karyerasının formalaşmasına da xidmət edir,Doktorantlarımla akademiyadan kənarda karyera imkanlarını müzakirə edirəm ,Rəhbərlik etdiyim doktorantlar ümumilikdə akademiyadan kənar məşğulluq üçün yaxşı hazırlaşmış olurlar ,Doktorantlar təhsilləri müddətində tez-tez yüksək stress yaşayırlar ,İnstitusional dəstək elmi rəhbərlərə doktorantların rifahı ilə bağlı məsələləri effektiv şəkildə həll etməyə imkan verir,Elmi rəhbərlər münaqişələrin həlli prosedurları barədə kifayət qədər məlumatlandırılmışdırlar  ,Tədqiqat etikası qaydalarını doktorantlara izah etmək və onları istiqamətləndirmək baxımından özünüzü nə dərəcədə hazır hesab edirsiniz?  ,Doktorantlara tədqiqat metodları üzrə təlim verməyə cavabdeh şəxs sizsinizmi?  ,"Doktorantlara elmi rəhbərlik üçün süni intellekt alətlərindən istifadə edirəm (məsələn, rəy vermə, ədəbiyyat axtarışı, üslubun yoxlanılması) ",Doktorantlarla süni intellekt alətlərindən düzgün istifadə məsələlərini müzakirə edirəm ,Müəssisədə doktorantura tədqiqatı və elmi rəhbərlikdə süni intellekt istifadəsi ilə bağlı aşkar qaydalar mövcuddur ,"Zəhmət olmasa, islahat üçün ən vacib hesab etdiyiniz üç istiqaməti seçin:  ",Doktoranturada elmi rəhbərliyin keyfiyyətini artırmaq üçün hansı dəyişiklik ən böyük təsir göstərə bilər?  ,Doktorantura təhsilinin təkmilləşdirilməsi ilə bağlı əlavə şərh və ya təkliflərinizi qeyd edin   
12.03.2026 18:27:42,Kompleks Qazma işləri Tresti,,Baş mühəndis,3,1,Bakı,Individual,Ayda bir dəfə,Çox aydındır,Vacib deyil,Çox vacibdir,Çox vacibdir,Vacibdir,Vacibdir,Çox vacibdir,Qismən razıyam,Raziyam,Raziyam,Cavab verməkdə çətinlik çəkirəm,Raziyam,Raziyam,Ümumilikdə kifayət deyil,Raziyam,Qismən razıyam,3 ildən az,Raziyam,Qismən razıyam,Raziyam,Qismən razıyam,Raziyam,Raziyam,Qismən hazıram,"Bəli, digər şəxslərlə birlikdə (məsələn, kurslar, doktorantura məktəbi, birgə rəhbərlər)",Raziyam,Raziyam,Qismən razıyam,"Attestasiya və dissertasiya şurası prosedurları, Elmi rəhbərlərin təlimi və peşəkar inkişafı, Doktorantura tədqiqatında süni intellektin istifadəsi və qaydaların tənzimlənməsi",texniki sahədə istehsalat müəssisələri ilə institutların paralel işləməsi.,dürüst və real olmaq.
12.03.2026 18:29:48,Universitet,Engineering,dosent (ştat),5,3,Bakı,Individual,Ayda bir dəfə,Qismən aydındır,Vacibdir,Vacibdir,Vacibdir,Vacibdir,Çox vacibdir,Vacibdir,Qismən razıyam,Qismən razıyam,Qismən razıyam,Raziyam,Heç razı deyiləm,Qismən razıyam,Qismən kifayətdir,Qismən razıyam,Raziyam,4-5 il,Qismən razıyam,Qismən razıyam,Raziyam,Qismən razıyam,Heç razı deyiləm,Cavab verməkdə çətinlik çəkirəm,Çox hazıram,"Bəli, digər şəxslərlə birlikdə (məsələn, kurslar, doktorantura məktəbi, birgə rəhbərlər)",Qismən razıyam,Qismən razıyam,Cavab verməkdə çətinlik çəkirəm,"Attestasiya və dissertasiya şurası prosedurları, Elmi rəhbərlərin iş yükü və vaxt bölgüsü, Doktorantlar üçün maliyyə dəstəyi",Maliyyə dəstəyi,Universitetdə eksperimental tədqiqatların aparılması bazasının güclü olması
12.03.2026 18:40:28,Hər ikisi,Optics,"Fızıka ınstıtutu tam , ASOIU yarımştat",0.5,1,Bakı,Individual,Ayda bir dəfə,Çox aydındır,Vacibdir,Vacibdir,Çox vacibdir,Çox vacibdir,Çox vacibdir,Vacibdir,Raziyam,Raziyam,Cavab verməkdə çətinlik çəkirəm,Raziyam,Cavab verməkdə çətinlik çəkirəm,Qismən razıyam,Əsasən kifayət deyil,Heç razı deyiləm,Qismən razıyam,5-6 il,Raziyam,Qismən razıyam,Cavab verməkdə çətinlik çəkirəm,Raziyam,Cavab verməkdə çətinlik çəkirəm,Qismən razıyam,Qismən hazıram,"Bəli, əsasən mən",Qismən razıyam,Qismən razıyam,Heç razı deyiləm,"Elmi rəhbərlərin iş yükü və vaxt bölgüsü, Tədqiqat etikası və akademik dürüstlük prosedurları, Rifah və psixi sağlamlıq dəstəyi",Hamıya eynı cür yanaşma prosesı. Yenı ayrıseçkilik  salınmama və Ədalət prinçipləri öndə gedərsə ,Doktorantlara vaxt və şərait yaratmaq . 
12.03.2026 19:26:17,Elmi-tədqiqat İnstitutu,Culturology,"Elmi katib, tam ştat",7,1,Bakı,Individual,Həftədə bir dəfə,Çox aydındır,Çox vacibdir,Çox vacibdir,Vacibdir,Vacibdir,Çox vacibdir,Vacibdir,Raziyam,Qismən razıyam,Qismən razıyam,Heç razı deyiləm,Heç razı deyiləm,Qismən razıyam,Əsasən kifayət deyil,Heç razı deyiləm,Çox razıyam,4-5 il,Qismən razıyam,Heç razı deyiləm,Qismən razıyam,Heç razı deyiləm,Qismən razıyam,Heç razı deyiləm,Çox hazıram,"Bəli, əsasən mən",Qismən razıyam,Qismən razıyam,Heç razı deyiləm,"Attestasiya və dissertasiya şurası prosedurları, İnzibati səmərəlilik və müddətlər, Doktorantlar üçün maliyyə dəstəyi",Maliyyə dəstəyi,Xarici dil imtahanların qismən sadələşdirilməsi proseduru
12.03.2026 19:40:29,Elmi-tədqiqat İnstitutu,Physical Electronics,Laboratoriya rehberi,5,5,Bakı,Individual,Həftədə bir dəfə,Qismən aydındır,Vacibdir,Vacibdir,Vacibdir,Vacibdir,Vacibdir,Vacibdir,Qismən razıyam,Qismən razıyam,Qismən razıyam,Qismən razıyam,Heç razı deyiləm,Qismən razıyam,Qismən kifayətdir,Heç razı deyiləm,Cavab verməkdə çətinlik çəkirəm,4-5 il,Qismən razıyam,Qismən razıyam,Qismən razıyam,Cavab verməkdə çətinlik çəkirəm,Qismən razıyam,Qismən razıyam,Qismən hazıram,"Xeyr, bu əsasən formal kurslar və ya digər bölmələr tərəfindən təmin olunur",Qismən razıyam,Qismən razıyam,Qismən razıyam,"Attestasiya və dissertasiya şurası prosedurları, Qaydaların aydınlığı və sabitliyi, Tədqiqat etikası və akademik dürüstlük prosedurları","Texniki və təbiət elmləri, xüsusilə fizika sahəsində doktorantura müddətinin ən azı beş il olması məqsədəuyğun hesab edilir. Çünki eksperimental tədqiqatların aparılması, nəticələrin təhlili və yüksək səviyyəli elmi məqalələrin hazırlanması üçün üç illik müddət çox vaxt kifayət etmir. Müddətin artırılması həm elmi rəhbərlik prosesinin keyfiyyətini, həm də tədqiqat nəticələrinin səviyyəsini yüksəldə bilər.","Texniki və təbiət elmləri, xüsusilə fizika sahəsində doktorantura müddətinin ən azı beş il olması məqsədəuyğun hesab edilir. Çünki eksperimental tədqiqatların aparılması, nəticələrin təhlili və yüksək səviyyəli elmi məqalələrin hazırlanması üçün üç illik müddət çox vaxt kifayət etmir. Müddətin artırılması həm elmi rəhbərlik prosesinin keyfiyyətini, həm də tədqiqat nəticələrinin səviyyəsini yüksəldə bilər."
12.03.2026 23:46:07,Universitet,Philology,Dosent 1 ştat,5,1,Bakı,Individual,Ayda bir dəfə,Çox aydındır,Qismən əhəmiyyətlidir,Vacibdir,Çox vacibdir,Vacibdir,Vacibdir,Vacibdir,Qismən razıyam,Raziyam,Raziyam,Raziyam,Raziyam,Raziyam,Qismən kifayətdir,Qismən razıyam,Raziyam,4-5 il,Qismən razıyam,Raziyam,Raziyam,Raziyam,Raziyam,Raziyam,Çox hazıram,"Bəli, əsasən mən",Qismən razıyam,Qismən razıyam,Qismən razıyam,"Attestasiya və dissertasiya şurası prosedurları, Elmi rəhbərlik üçün institusional dəstək, Elmi rəhbərlərin təlimi və peşəkar inkişafı, Tədqiqat etikası və akademik dürüstlük prosedurları",,
13.03.2026 0:10:27,Universitet,Computer Science,Dosent,1,1,Bakı,Individual,Həftədə bir dəfə,Çox aydındır,Çox vacibdir,Vacibdir,Vacibdir,Az əhəmiyyətlidir,Vacibdir,Vacibdir,Qismən razıyam,Raziyam,Raziyam,Raziyam,Qismən razıyam,Heç razı deyiləm,Əsasən kifayət deyil,Raziyam,Raziyam,3-4 il,Qismən razıyam,Heç razı deyiləm,Qismən razıyam,Heç razı deyiləm,Qismən razıyam,Qismən razıyam,Çox hazıram,"Xeyr, bu əsasən formal kurslar və ya digər bölmələr tərəfindən təmin olunur",Çox razıyam,Çox razıyam,Raziyam,"Elmi rəhbərlərin iş yükü və vaxt bölgüsü, Elmi rəhbərlik üçün institusional dəstək, Elmi rəhbərlərin təlimi və peşəkar inkişafı",Rehberin dissertantla emekdashligininndahavsix teminnolunmasi,Xaricinuniversitetlerinntecrubesini menimsemek
13.03.2026 7:54:56,Hər ikisi,Petroleum Engineering,Dosent,15,7,Bakı,Individual,Ayda bir dəfə,Çox aydındır,Çox vacibdir,Çox vacibdir,Çox vacibdir,Vacibdir,Çox vacibdir,Vacibdir,Heç razı deyiləm,Heç razı deyiləm,Qismən razıyam,Heç razı deyiləm,Heç razı deyiləm,Qismən razıyam,Əsasən kifayət deyil,Qismən razıyam,Heç razı deyiləm,3-4 il,Heç razı deyiləm,Qismən razıyam,Raziyam,Heç razı deyiləm,Qismən razıyam,Qismən razıyam,Çox hazıram,"Bəli, əsasən mən",Çox razıyam,Çox razıyam,Raziyam,"Elmi rəhbərlərin iş yükü və vaxt bölgüsü, Tədqiqat etikası və akademik dürüstlük prosedurları, Doktorantura tədqiqatında süni intellektin istifadəsi və qaydaların tənzimlənməsi",,
14.03.2026 23:55:49,Hər ikisi,Theoretical Physics,aparıcı elmi işçi,14,2,Bakı,Individual,Həftədə bir dəfə,Qismən aydındır,Çox vacibdir,Çox vacibdir,Vacibdir,Az əhəmiyyətlidir,Çox vacibdir,Çox vacibdir,Raziyam,Cavab verməkdə çətinlik çəkirəm,Raziyam,Cavab verməkdə çətinlik çəkirəm,Heç razı deyiləm,Raziyam,Əsasən kifayət deyil,Heç razı deyiləm,Qismən razıyam,5-6 il,Qismən razıyam,Heç razı deyiləm,Heç razı deyiləm,Raziyam,Raziyam,Raziyam,Çox hazıram,"Bəli, əsasən mən",Qismən razıyam,Raziyam,Cavab verməkdə çətinlik çəkirəm,"Attestasiya və dissertasiya şurası prosedurları, Elmi rəhbərlik üçün institusional dəstək, Doktorantlar üçün maliyyə dəstəyi",Elmi rəhbərlik üçün illik ödənişli saatların miqdarı 40 saatdan 120 saata qaldırılması. Grammarly kimi ingilis dili redaktə proqramı ilə təhciz olunması ,"Doktorantlar aldıqları təqaüdə əlavə olaraq doktorant olduqları qurumda illik müqavilə ilə yarım ştat işə götürülsün. İş masası, kompyuter və internetlə təmin olunsunlar. Doktorantlara ildə heç olmasa bir dəfə xaricdə qış və ya yay məktəbində iştirakın ezamiyyət xərcləri ödənsin. Rəhbərlərə Bakıda yay və ya  məktəbləri keçirilməsinə vəsait ayrılsın. Qeyd edim ki, 2003-cü ildə mən İranda uzunmüddətli eazamiyyətdə olanda doktorantın xaricdə 1 illik təcrübə keçməsi maliyyələşdirilirdi."
16.03.2026 8:53:02,Elmi-tədqiqat İnstitutu,Oil and Gas Field Development,Aparici elmi isci,5,4,Bakı,Individual,Ayda bir dəfə,Çox aydındır,Vacibdir,Vacibdir,Vacibdir,Vacibdir,Vacibdir,Vacibdir,Raziyam,Raziyam,Raziyam,Raziyam,Qismən razıyam,Raziyam,Qismən kifayətdir,Qismən razıyam,Qismən razıyam,3-4 il,Raziyam,Raziyam,Raziyam,Qismən razıyam,Cavab verməkdə çətinlik çəkirəm,Qismən razıyam,Qismən hazıram,"Bəli, digər şəxslərlə birlikdə (məsələn, kurslar, doktorantura məktəbi, birgə rəhbərlər)",Raziyam,Qismən razıyam,Qismən razıyam,"Elmi rəhbərlərin iş yükü və vaxt bölgüsü, Elmi rəhbərlik üçün institusional dəstək, Tədqiqat etikası və akademik dürüstlük prosedurları",Muasir tedqiqat labaratoriyalarinin movcudlugu.,
16.03.2026 10:08:55,Hər ikisi,Semiconductor Physics,Hal-hazırda baş elmi vəzifəsində çalışıram,,,Bakı,Individual,Həftədə bir dəfə,Qismən aydındır,Vacib deyil,Çox vacibdir,Vacibdir,Vacibdir,Vacibdir,Qismən əhəmiyyətlidir,Cavab verməkdə çətinlik çəkirəm,Heç razı deyiləm,Qismən razıyam,Cavab verməkdə çətinlik çəkirəm,Raziyam,Qismən razıyam,Ümumilikdə kifayət deyil,Qismən razıyam,Qismən razıyam,3-4 il,Qismən razıyam,Heç razı deyiləm,Qismən razıyam,Cavab verməkdə çətinlik çəkirəm,Cavab verməkdə çətinlik çəkirəm,Qismən razıyam,Qismən hazıram,"Bəli, digər şəxslərlə birlikdə (məsələn, kurslar, doktorantura məktəbi, birgə rəhbərlər)",Qismən razıyam,Heç razı deyiləm,Heç razı deyiləm,"Attestasiya və dissertasiya şurası prosedurları, Elmi rəhbərlərin iş yükü və vaxt bölgüsü, Elmi rəhbərlik üçün institusional dəstək, Tədqiqat etikası və akademik dürüstlük prosedurları",Doktorantın fərdi elmi və texniki bacarığı,"Təıhsilin yüksəldilməsi  üçün müasir tədqiqat mərkəzi, xarici dil bilməsi və elmi ezamiyyətlərin verilməsi (doktorantlar üçün)"
16.03.2026 10:50:15,Elmi-tədqiqat İnstitutu,"Genetics, Bioinformatics, Genomics",Baş elmi işçi ,30,2,Bakı,Individual,Həftədə bir dəfə,Qismən aydındır,Vacibdir,Çox vacibdir,Çox vacibdir,Vacib deyil,Çox vacibdir,Vacibdir,Raziyam,Raziyam,Raziyam,Raziyam,Heç razı deyiləm,Qismən razıyam,Əsasən kifayət deyil,Qismən razıyam,Qismən razıyam,3-4 il,Qismən razıyam,Raziyam,Raziyam,Qismən razıyam,Qismən razıyam,Qismən razıyam,Çox hazıram,"Bəli, əsasən mən",Qismən razıyam,Qismən razıyam,Heç razı deyiləm,"Attestasiya və dissertasiya şurası prosedurları, Elmi rəhbərlərin təlimi və peşəkar inkişafı, Doktorantlar üçün maliyyə dəstəyi",Konkret və yetərli maddi-texniki və maliyyə dəstəyi sayəsində doktorantın eyni zamanda başqa yerdə işləməsi zərurətini aradan qaldırmaq;  ciddi attestasiya.,Yuxarıda qeyd etdiklərim yetərlidir.
16.03.2026 16:17:41,Universitet,Engineering,"t.ü.f.d., dosent",2,1,Bakı,Individual,Ayda bir dəfə,Qismən aydındır,Vacibdir,Çox vacibdir,Vacibdir,Vacibdir,Çox vacibdir,Vacibdir,Raziyam,Raziyam,Cavab verməkdə çətinlik çəkirəm,Cavab verməkdə çətinlik çəkirəm,Cavab verməkdə çətinlik çəkirəm,Qismən razıyam,Əsasən kifayət deyil,Qismən razıyam,Cavab verməkdə çətinlik çəkirəm,4-5 il,Raziyam,Qismən razıyam,Cavab verməkdə çətinlik çəkirəm,Cavab verməkdə çətinlik çəkirəm,Cavab verməkdə çətinlik çəkirəm,Heç razı deyiləm,Qismən hazıram,"Bəli, digər şəxslərlə birlikdə (məsələn, kurslar, doktorantura məktəbi, birgə rəhbərlər)",Qismən razıyam,Raziyam,Heç razı deyiləm,"Attestasiya və dissertasiya şurası prosedurları, Elmi rəhbərlərin təlimi və peşəkar inkişafı, Doktorantlar üçün maliyyə dəstəyi",,
16.03.2026 17:31:35,Elmi-tədqiqat İnstitutu,Computer Science,Laboratoriya müdiri ,40,5,Bakı,Individual,Ayda bir dəfə,Qismən aydındır,Qismən əhəmiyyətlidir,Qismən əhəmiyyətlidir,Qismən əhəmiyyətlidir,Vacib deyil,Vacibdir,Vacibdir,Raziyam,Qismən razıyam,Qismən razıyam,Qismən razıyam,Qismən razıyam,Qismən razıyam,Qismən kifayətdir,Qismən razıyam,Qismən razıyam,4-5 il,Qismən razıyam,Qismən razıyam,Raziyam,Qismən razıyam,Qismən razıyam,Qismən razıyam,Qismən hazıram,"Bəli, digər şəxslərlə birlikdə (məsələn, kurslar, doktorantura məktəbi, birgə rəhbərlər)",Raziyam,Qismən razıyam,Qismən razıyam,"Attestasiya və dissertasiya şurası prosedurları, Qaydaların aydınlığı və sabitliyi, Elmi rəhbərlərin iş yükü və vaxt bölgüsü",,
16.03.2026 20:47:45,Hər ikisi,"Educational Management, Supervision, Planning and Economics",Tam zamanlı (ştat) profesör,25,2,,Individual,Ayda bir dəfə,Çox aydındır,Çox vacibdir,Çox vacibdir,Çox vacibdir,Vacibdir,Vacibdir,Vacibdir,Raziyam,Raziyam,Raziyam,Raziyam,Cavab verməkdə çətinlik çəkirəm,Qismən razıyam,Qismən kifayətdir,Cavab verməkdə çətinlik çəkirəm,Qismən razıyam,3-4 il,Raziyam,Qismən razıyam,Qismən razıyam,Raziyam,Raziyam,Çox razıyam,Çox hazıram,"Xeyr, bu əsasən formal kurslar və ya digər bölmələr tərəfindən təmin olunur",Qismən razıyam,Raziyam,Cavab verməkdə çətinlik çəkirəm,"Elmi rəhbərlərin iş yükü və vaxt bölgüsü, Elmi rəhbərlik üçün institusional dəstək, Tədqiqat etikası və akademik dürüstlük prosedurları",Elmi rehberlerin bilimsel araştırma konusunda güçlü olmaları zaruridir.,Doktora eğitiminde bilimsel araştırma yöntemleri ve ölçme-değerlendirme konularında güçlü bir eğitim verilmelidir. Mevcut tezler istatistikler ve analizler yönünden zayıf kalmaktadır. Bu eğitimin verilmesi için Azerbaycan üniversiteleri gerekli güce sahiptir. Bunlar harekete geçirilmelidir.
17.03.2026 8:10:13,Universitet,Mechanical Engineering,ştat,15,5,Bakı,Individual,Həftədə bir dəfə,Qismən aydındır,Vacib deyil,Vacibdir,Vacibdir,Vacibdir,Vacibdir,Vacibdir,Raziyam,Cavab verməkdə çətinlik çəkirəm,Cavab verməkdə çətinlik çəkirəm,Raziyam,Raziyam,Qismən razıyam,Qismən kifayətdir,Heç razı deyiləm,Qismən razıyam,4-5 il,Qismən razıyam,Qismən razıyam,Cavab verməkdə çətinlik çəkirəm,Raziyam,Qismən razıyam,Raziyam,Qismən hazıram,"Xeyr, bu əsasən formal kurslar və ya digər bölmələr tərəfindən təmin olunur",Raziyam,Raziyam,Qismən razıyam,"Attestasiya və dissertasiya şurası prosedurları, Elmi rəhbərlərin iş yükü və vaxt bölgüsü, Tədqiqat etikası və akademik dürüstlük prosedurları",Əyani formada təhsil alan doktorantların istehsalatda işləməməsi,
17.03.2026 10:53:18,Elmi-tədqiqat İnstitutu,Enhanced Oil Recovery Methods,ştat,36,2,Bakı,Individual,Həftədə bir dəfə,Çox aydındır,Vacibdir,Çox vacibdir,Çox vacibdir,Vacibdir,Çox vacibdir,Vacibdir,Raziyam,Raziyam,Raziyam,Raziyam,Raziyam,Raziyam,Qismən kifayətdir,Raziyam,Raziyam,3-4 il,Raziyam,Cavab verməkdə çətinlik çəkirəm,Raziyam,Qismən razıyam,Raziyam,Raziyam,Qismən hazıram,"Bəli, əsasən mən",Heç razı deyiləm,Heç razı deyiləm,Qismən razıyam,"Attestasiya və dissertasiya şurası prosedurları, Elmi rəhbərlik üçün institusional dəstək, Doktorantlar üçün maliyyə dəstəyi",,
17.03.2026 10:54:28,Universitet,Thermal Energy Engineering,Dosent,3,3,Bakı,Individual,Ayda bir dəfə,Qismən aydındır,Vacibdir,Vacibdir,Vacibdir,Çox vacibdir,Çox vacibdir,Vacibdir,Qismən razıyam,Çox razıyam,Qismən razıyam,Raziyam,Qismən razıyam,Qismən razıyam,Əsasən kifayət deyil,Qismən razıyam,Qismən razıyam,4-5 il,Qismən razıyam,Qismən razıyam,Qismən razıyam,Cavab verməkdə çətinlik çəkirəm,Heç razı deyiləm,Qismən razıyam,Qismən hazıram,"Bəli, digər şəxslərlə birlikdə (məsələn, kurslar, doktorantura məktəbi, birgə rəhbərlər)",Qismən razıyam,Qismən razıyam,Heç razı deyiləm,"Attestasiya və dissertasiya şurası prosedurları, Elmi rəhbərlərin iş yükü və vaxt bölgüsü, Doktorantlar üçün maliyyə dəstəyi",Inustitusional dəstək,Qaydaların aydımlığı 
17.03.2026 11:07:36,Elmi-tədqiqat İnstitutu,Enhanced Oil Recovery Methods,Texnika Elimləri doktoru Professor ,,2,Bakı,Individual,Həftədə bir dəfə,Çox aydındır,Vacibdir,Çox vacibdir,Vacibdir,Qismən əhəmiyyətlidir,Vacibdir,Vacibdir,Raziyam,Raziyam,Raziyam,Raziyam,Raziyam,Qismən razıyam,Qismən kifayətdir,Raziyam,Qismən razıyam,3-4 il,Qismən razıyam,Qismən razıyam,Raziyam,Qismən razıyam,Raziyam,Raziyam,Qismən hazıram,"Bəli, əsasən mən",Heç razı deyiləm,Heç razı deyiləm,Heç razı deyiləm,"Attestasiya və dissertasiya şurası prosedurları, Elmi rəhbərlərin iş yükü və vaxt bölgüsü, Doktorantlar üçün maliyyə dəstəyi",Tədqiqatlar üçün lazımı avadanlıqların təmin edilməsi,Doktorantuanın mövcud qaydaları ilə razıyam
17.03.2026 11:09:48,Universitet,Engineering,"kafedra müdiri, 0,5 professor",8,5,Bakı,Individual,Ayda bir dəfə,Qismən aydındır,Vacibdir,Çox vacibdir,Çox vacibdir,Vacibdir,Çox vacibdir,Vacibdir,Qismən razıyam,Qismən razıyam,Cavab verməkdə çətinlik çəkirəm,Qismən razıyam,Qismən razıyam,Qismən razıyam,Əsasən kifayət deyil,Qismən razıyam,Qismən razıyam,3-4 il,Qismən razıyam,Qismən razıyam,Raziyam,Qismən razıyam,Cavab verməkdə çətinlik çəkirəm,Cavab verməkdə çətinlik çəkirəm,Çox hazıram,"Bəli, digər şəxslərlə birlikdə (məsələn, kurslar, doktorantura məktəbi, birgə rəhbərlər)",Qismən razıyam,Raziyam,Qismən razıyam,"Attestasiya və dissertasiya şurası prosedurları, Tədqiqat etikası və akademik dürüstlük prosedurları, Doktorantura tədqiqatında süni intellektin istifadəsi və qaydaların tənzimlənməsi","Elmi rəhbərlərin təlimi, iş yükü və vaxt imkanı, beynəlxalq tədqiqatlarda iştirak imkanı, beynəlxalq təcrübədən rəhbər kimi  yararlanmaq, birgə beynəlxalq rəhbərliklər, maliyə dəstəyi, aktual mövzuların verilməsi və işlənməsi","Doktorantların beynəlxalq tədqiqatlarda iştirak imkanı, beynəlxalq təcrübədən doktorant kimi yararlanmaq imkanı, doktoranta maliyyə dəstəyi, eksperimentlə vaxtında və vaxtından əvvəl müdafiələr zamanı doktorant və rəhbərləri mükafatlandırma, sənədləşmə və müdafiə prosedurlarının sadələşdirilməsi"
17.03.2026 12:01:45,,,,,,,,Həftədə bir dəfə,Çox aydındır,Vacibdir,Çox vacibdir,Vacibdir,Vacibdir,Çox vacibdir,Vacibdir,Qismən razıyam,Qismən razıyam,Qismən razıyam,Qismən razıyam,Qismən razıyam,Qismən razıyam,Qismən kifayətdir,Qismən razıyam,Qismən razıyam,5-6 il,Qismən razıyam,Qismən razıyam,Çox razıyam,Qismən razıyam,Qismən razıyam,Cavab verməkdə çətinlik çəkirəm,Çox hazıram,"Bəli, əsasən mən",Qismən razıyam,Qismən razıyam,Qismən razıyam,"Attestasiya və dissertasiya şurası prosedurları, Elmi rəhbərlərin iş yükü və vaxt bölgüsü, Elmi rəhbərlik üçün institusional dəstək",Müasir avadanlıqlar və reagentlərlə təhciz olmaqla,Doktoranturaya seçimdə səffafliq
17.03.2026 13:57:10,Elmi-tədqiqat İnstitutu,Preparation and Study of Nanoscale Semiconductor Structures,Ştat,2,1,Bakı,Individual,Həftədə bir dəfə,Çox aydındır,Qismən əhəmiyyətlidir,Çox vacibdir,Çox vacibdir,Vacib deyil,Çox vacibdir,Qismən əhəmiyyətlidir,Raziyam,Raziyam,Qismən razıyam,Raziyam,Heç razı deyiləm,Raziyam,Qismən kifayətdir,Cavab verməkdə çətinlik çəkirəm,Qismən razıyam,3-4 il,Qismən razıyam,Qismən razıyam,Qismən razıyam,Raziyam,Raziyam,Cavab verməkdə çətinlik çəkirəm,Çox hazıram,"Bəli, digər şəxslərlə birlikdə (məsələn, kurslar, doktorantura məktəbi, birgə rəhbərlər)",Qismən razıyam,Raziyam,Qismən razıyam,"Elmi rəhbərlərin iş yükü və vaxt bölgüsü, Elmi rəhbərlik üçün institusional dəstək, Doktorantlar üçün maliyyə dəstəyi","Elmi rəhbərliyin keyfiyyətinin artırılması üçün bir neçə dəyişiklik təklif etmək olar:
1. Elmi rəhbərin elmi fəaliyyəti seçilən mövzu ilə tam uyğun olmalıdır;
2. Elmi rəhbər süni intellekt amilini gələcək elmi işdə nəzərə almağı bacarmalıdır;
3. Elmi rəhbərin rəhbərliyə görə aldığı maaş çox kiçikdir, maaşın  artırılması rəhbər üçün bir motivasiya ola biləcəyini düşünürəm.

","Doktorantura təhsilinin təkmilləşdirilməsi üçün doktorantların müasir beynəlxalq elmi mərkəzlərlə əlaqəsi  müəssisə tərəfindən təmin olunmalıdır, xarici dillərin öyrənilməsinə xüsusi yer ayrılmalıdır, əyani təhsil alan doktorant stipendiyadan əlavə maaşa da  layiq görülməlidir ki,  o  təhsil aldığı müəssisədə  daha çox vaxt keçirər ,rəhbər onu daha tez-tez görər,  bu da işin daha keyfiyyətli və tez zamanda başa gəlməsinə gətirib çıxarar."
18.03.2026 11:51:29,Universitet,Telecommunication Technologies,"Tədqiqatçı -professor, ştat",35,5,Bakı,Individual,Həftədə bir dəfə,Qismən aydındır,Çox vacibdir,Vacibdir,Vacibdir,Vacibdir,Çox vacibdir,Vacib deyil,Raziyam,Qismən razıyam,Cavab verməkdə çətinlik çəkirəm,Cavab verməkdə çətinlik çəkirəm,Qismən razıyam,Raziyam,Əsasən kifayət deyil,Qismən razıyam,Heç razı deyiləm,3-4 il,Qismən razıyam,Qismən razıyam,Raziyam,Qismən razıyam,Qismən razıyam,Qismən razıyam,Çox hazıram,"Bəli, əsasən mən",Raziyam,Raziyam,Raziyam,"Attestasiya və dissertasiya şurası prosedurları, Elmi rəhbərlərin təlimi və peşəkar inkişafı, Doktorantura tədqiqatında süni intellektin istifadəsi və qaydaların tənzimlənməsi","Tez-tez beynəlxalq  elmi və praktiki konfranslarda iştirak etmək, elmi isiqaməti və istifadə olunacaq metod və vasitələri müzakirə etmək, kənar alimlərin fikirlərini dinləmək.",
18.03.2026 13:58:38,Universitet,Ecology,Kafedra müdiri,7,3,Bakı,Individual,Ayda bir dəfə,Çox aydındır,Çox vacibdir,Çox vacibdir,Çox vacibdir,Vacibdir,Çox vacibdir,Vacibdir,Raziyam,Çox razıyam,Raziyam,Çox razıyam,Raziyam,Çox razıyam,Qismən kifayətdir,Çox razıyam,Çox razıyam,3-4 il,Çox razıyam,Çox razıyam,Çox razıyam,Raziyam,Raziyam,Raziyam,Çox hazıram,"Bəli, əsasən mən",Qismən razıyam,Raziyam,Raziyam,"Attestasiya və dissertasiya şurası prosedurları, Qaydaların aydınlığı və sabitliyi, Tədqiqat etikası və akademik dürüstlük prosedurları",,
18.03.2026 14:06:38,Universitet,International Relations,Dosent,10,2,Bakı,Individual,Ayda bir dəfə,Çox aydındır,Qismən əhəmiyyətlidir,Vacibdir,Vacibdir,Vacib deyil,Qismən əhəmiyyətlidir,Qismən əhəmiyyətlidir,Raziyam,Heç razı deyiləm,Heç razı deyiləm,Heç razı deyiləm,Qismən razıyam,Qismən razıyam,Əsasən kifayət deyil,Qismən razıyam,Çox razıyam,4-5 il,Heç razı deyiləm,Heç razı deyiləm,Qismən razıyam,Raziyam,Heç razı deyiləm,Qismən razıyam,Çox hazıram,"Xeyr, bu əsasən formal kurslar və ya digər bölmələr tərəfindən təmin olunur",Heç razı deyiləm,Raziyam,Raziyam,"Attestasiya və dissertasiya şurası prosedurları, İnzibati səmərəlilik və müddətlər, Elmi rəhbərlik üçün institusional dəstək","Elmi rəhbərə maliyyə dəstəyi, inzibati çərçivələrin bir çoxunun ləğv olunması","Qəbul imtahanlarını sadələşdirmək və yalnız doktorantın seçdiyi istiqamət sahəsinə (ixtisasina) fikir vermək. Dil qabiliyyəti, məntiq və informasiya texnologiyaları bilikləri doktorant özü tədgiqat prosesində zərurət qarşısında olduqda onlara sahib çıxacaq. Bunu təcrübə təsdiq edib."
18.03.2026 14:20:01,Universitet,Computer Science,Dosent - ştat,2,1,Bakı,Joint ,Həftədə bir dəfə,Qismən aydındır,Qismən əhəmiyyətlidir,Vacibdir,Vacibdir,Qismən əhəmiyyətlidir,Vacibdir,Qismən əhəmiyyətlidir,Qismən razıyam,Qismən razıyam,Qismən razıyam,Qismən razıyam,Heç razı deyiləm,Qismən razıyam,Əsasən kifayət deyil,Cavab verməkdə çətinlik çəkirəm,Qismən razıyam,4-5 il,Raziyam,Qismən razıyam,Qismən razıyam,Raziyam,Qismən razıyam,Cavab verməkdə çətinlik çəkirəm,Qismən hazıram,"Bəli, digər şəxslərlə birlikdə (məsələn, kurslar, doktorantura məktəbi, birgə rəhbərlər)",Qismən razıyam,Qismən razıyam,Raziyam,"Elmi rəhbərlərin iş yükü və vaxt bölgüsü, Doktorantlar üçün maliyyə dəstəyi, Rifah və psixi sağlamlıq dəstəyi",Maliyyə dəstəyinin olması,Rəhbərlik üçün tədris yükü yalnız doktoranturanın 2-ci ilində nəzərə alınıb. 1-ci il üçün ödəniş olmayıb.
18.03.2026 14:21:15,Universitet,Biochemistry,professor,10,3,Bakı,Individual,Həftədə bir dəfə,Qismən aydındır,Çox vacibdir,Çox vacibdir,Vacibdir,Qismən əhəmiyyətlidir,Vacibdir,Vacibdir,Raziyam,Qismən razıyam,Qismən razıyam,Raziyam,Çox razıyam,Heç razı deyiləm,Əsasən kifayət deyil,Heç razı deyiləm,Çox razıyam,5-6 il,Cavab verməkdə çətinlik çəkirəm,Raziyam,Qismən razıyam,Raziyam,Cavab verməkdə çətinlik çəkirəm,Qismən razıyam,Çox hazıram,"Bəli, digər şəxslərlə birlikdə (məsələn, kurslar, doktorantura məktəbi, birgə rəhbərlər)",Raziyam,Raziyam,Qismən razıyam,"Elmi rəhbərlik üçün institusional dəstək, Doktorantlar üçün maliyyə dəstəyi, Rifah və psixi sağlamlıq dəstəyi",Tədqiqatlar ücün maliyyə olmalidir,
18.03.2026 14:31:27,Universitet,Chemistry,Kafedra müdiri,10,1,Bakı,Individual,Həftədə bir dəfə,Çox aydındır,Vacibdir,Çox vacibdir,Vacibdir,Vacibdir,Çox vacibdir,Qismən əhəmiyyətlidir,Cavab verməkdə çətinlik çəkirəm,Raziyam,Raziyam,Cavab verməkdə çətinlik çəkirəm,Cavab verməkdə çətinlik çəkirəm,Raziyam,Qismən kifayətdir,Qismən razıyam,Cavab verməkdə çətinlik çəkirəm,4-5 il,Cavab verməkdə çətinlik çəkirəm,Qismən razıyam,Qismən razıyam,Cavab verməkdə çətinlik çəkirəm,Raziyam,Cavab verməkdə çətinlik çəkirəm,Çox hazıram,"Bəli, əsasən mən",Qismən razıyam,Qismən razıyam,Cavab verməkdə çətinlik çəkirəm,"Attestasiya və dissertasiya şurası prosedurları, Elmi rəhbərlərin iş yükü və vaxt bölgüsü, Doktorantlar üçün maliyyə dəstəyi",Dərsyükünün azaldılması,yoxdur
18.03.2026 14:32:16,Universitet,Biology,dosent,10,4,Bakı,Individual,Ayda bir dəfə,Çox aydındır,Qismən əhəmiyyətlidir,Vacibdir,Çox vacibdir,Qismən əhəmiyyətlidir,Vacibdir,Vacibdir,Raziyam,Raziyam,Raziyam,Heç razı deyiləm,Heç razı deyiləm,Raziyam,Qismən kifayətdir,Heç razı deyiləm,Raziyam,5-6 il,Qismən razıyam,Qismən razıyam,Qismən razıyam,Raziyam,Heç razı deyiləm,Qismən razıyam,Çox hazıram,"Xeyr, bu əsasən formal kurslar və ya digər bölmələr tərəfindən təmin olunur",Qismən razıyam,Qismən razıyam,Qismən razıyam,"Attestasiya və dissertasiya şurası prosedurları, İnzibati səmərəlilik və müddətlər, Elmi rəhbərlik üçün institusional dəstək, Doktorantlar üçün maliyyə dəstəyi, Rifah və psixi sağlamlıq dəstəyi, Münaqişələrin həlli mexanizmləri","Bir elmi rəhbər maksimum 5 nəfərə elmi rəhbər ola bilər, lakin hal-hazırda Elmi Tədqiat İnstitutlarının direktorları və ya sabiq direktorları 20-dən artıq şəxsə rəhbərlik edirlər və bu da ümumi doktorantura hazırlığına olduqca mənfi təsir edir. Doktorantura müddəti bitmiş yüzlərlə şəxs var ki, onlar ortalıqda qalıblar. Elmi rəhbərlər rəhbərlik pulunu alır və təhsil müddəti başa çatıqdan sonra doktorantları taleyin ümidinə buraxırlar. ","Doktornatura təhsilini təkmilləşdirmək üçün ilk növbədə elmi mühit olmalıdır. AMEA-nın yalançı üzvüləri ixtisasları uyğun olmadıqları halda onlarla doktoranta rəhbərlik edir və onları şikəst edirlər. Çox təəssüf ki, birbaşa qanunvericilikdə yazılıb ki, AMEA-nın həqiqi və müxbir üzvüləri ixtisasları uyğun gəlmədikləri halda belə elmi rəhbər təyin edilə, eləcə də ixtisaslarına aid olmayan dissertasiyalara rəyçi və opponent təyin edilə bilərlər. Bu hal təcili şəkildə yığışdırılmalı, gənclərimizə ixtisaslı mütəxəssilər rəhbərlik etməlidirlər. Bundan başqa, İnstitutların rəhbərləri tədqiqat bacarıqları olan şəxsləri sıradan çıxarır və onların tədqiqatlarına süni maneçilik yaradırlar. Elmi rəhbərlərə müstəqillik verilməli və onlar müdafiə ilə bağlı bütün mərhələlərdə iştirak etməlidirlər. Bundan başqa, doktorantlara da müstəqillik verilməlidir ki, elmi rəhbərlərini özləri seçsinlər və ya onların fəaliyyətindən narazı olduqda elmi rəhbərlərini dəyişmək imkanları olsun. "
18.03.2026 14:34:53,Hər ikisi,"System Analysis, Control and Information Processing (3338.01)","şöbə müdiri, dosent",1,3,Bakı,Individual,Həftədə bir dəfə,Çox aydındır,Vacibdir,Çox vacibdir,Vacibdir,Qismən əhəmiyyətlidir,Vacibdir,Qismən əhəmiyyətlidir,Raziyam,Qismən razıyam,Qismən razıyam,Heç razı deyiləm,Qismən razıyam,Qismən razıyam,Qismən kifayətdir,Cavab verməkdə çətinlik çəkirəm,Çox razıyam,4-5 il,Cavab verməkdə çətinlik çəkirəm,Qismən razıyam,Raziyam,Cavab verməkdə çətinlik çəkirəm,Raziyam,Heç razı deyiləm,Çox hazıram,"Bəli, digər şəxslərlə birlikdə (məsələn, kurslar, doktorantura məktəbi, birgə rəhbərlər)",Qismən razıyam,Raziyam,Raziyam,Doktorantura tədqiqatında süni intellektin istifadəsi və qaydaların tənzimlənməsi,"Elmi rəhbərlər doktorantlara yalnız tədqiqat metodlarını deyil, həm də layihə idarəetməsini, etik prinsipləri və akademik yazı bacarıqlarını öyrətməlidirlər.","1 pilləli müdafiyəyə keçid , müdafiə öncəsi ciddi elmi ekspertiza (məsələn, beynəlxalq jurnallarda məqalələrin dərc olunması, müstəqil ekspert rəyləri) şərt kimi qoyulsun."
18.03.2026 14:46:33,Hər ikisi,Theoretical Physics,"Laboratoriya rəhbəri (ştat), Saat hesabı dərslər",30,4,Bakı,Individual,Həftədə bir dəfə,Cavab verməkdə çətinlik çəkirəm,Vacibdir,Vacibdir,Vacibdir,Vacibdir,Vacibdir,Vacibdir,Raziyam,Cavab verməkdə çətinlik çəkirəm,Heç razı deyiləm,Cavab verməkdə çətinlik çəkirəm,Cavab verməkdə çətinlik çəkirəm,Cavab verməkdə çətinlik çəkirəm,Əsasən kifayət deyil,Heç razı deyiləm,Cavab verməkdə çətinlik çəkirəm,4-5 il,Raziyam,Raziyam,Cavab verməkdə çətinlik çəkirəm,Raziyam,Cavab verməkdə çətinlik çəkirəm,Cavab verməkdə çətinlik çəkirəm,Çox hazıram,"Bəli, əsasən mən",Qismən razıyam,Cavab verməkdə çətinlik çəkirəm,Cavab verməkdə çətinlik çəkirəm,"İnzibati səmərəlilik və müddətlər, Elmi rəhbərlik üçün institusional dəstək, Doktorantlar üçün maliyyə dəstəyi",Doktorantın elmi səviyyəsinin yüksək olması,"İstedadlı gəncin tapəlması, Elmi səviyyənin artırılması, maliyyə dəstəyinin olması,"
18.03.2026 14:47:20,Universitet,Sociology,Dosent,35,1,Bakı,Individual,Ayda bir dəfə,Çox aydındır,Vacibdir,Vacibdir,Vacibdir,Vacibdir,Vacibdir,Çox vacibdir,Cavab verməkdə çətinlik çəkirəm,Qismən razıyam,Raziyam,Raziyam,Qismən razıyam,Raziyam,Qismən kifayətdir,Qismən razıyam,Cavab verməkdə çətinlik çəkirəm,3-4 il,Qismən razıyam,Cavab verməkdə çətinlik çəkirəm,Qismən razıyam,Raziyam,Raziyam,Raziyam,Çox hazıram,"Bəli, digər şəxslərlə birlikdə (məsələn, kurslar, doktorantura məktəbi, birgə rəhbərlər)",Heç razı deyiləm,Qismən razıyam,Cavab verməkdə çətinlik çəkirəm,Elmi rəhbərlik üçün institusional dəstək,Təlim,Yoxdu
18.03.2026 15:00:17,Universitet,Political Science,"Dosent, ştat",2,2,Bakı,Individual,Ayda bir dəfə,Qismən aydındır,Vacibdir,Vacibdir,Vacibdir,Az əhəmiyyətlidir,Vacibdir,Qismən əhəmiyyətlidir,Qismən razıyam,Qismən razıyam,Heç razı deyiləm,Heç razı deyiləm,Heç razı deyiləm,Qismən razıyam,Əsasən kifayət deyil,Cavab verməkdə çətinlik çəkirəm,Cavab verməkdə çətinlik çəkirəm,3-4 il,Cavab verməkdə çətinlik çəkirəm,Cavab verməkdə çətinlik çəkirəm,Cavab verməkdə çətinlik çəkirəm,Qismən razıyam,Cavab verməkdə çətinlik çəkirəm,Cavab verməkdə çətinlik çəkirəm,Qismən hazıram,"Bəli, digər şəxslərlə birlikdə (məsələn, kurslar, doktorantura məktəbi, birgə rəhbərlər)",Raziyam,Qismən razıyam,Cavab verməkdə çətinlik çəkirəm,"Attestasiya və dissertasiya şurası prosedurları, Elmi rəhbərlərin iş yükü və vaxt bölgüsü, Doktorantlar üçün maliyyə dəstəyi",Elmi rəhbərə maliyyə dəstəyi ,"Doktorantların təhsil prosesinə ciddi və məcburi cəlb olunması, xüsusilə dissertasiya mövzuları üzrə"
18.03.2026 15:17:22,Universitet,Mathematics,Professor (ştat),16,3,Bakı,Individual,Həftədə bir dəfə,Çox aydındır,Vacib deyil,Vacib deyil,Çox vacibdir,Vacib deyil,Çox vacibdir,Vacibdir,Raziyam,Heç razı deyiləm,Cavab verməkdə çətinlik çəkirəm,Heç razı deyiləm,Heç razı deyiləm,Raziyam,Ümumilikdə kifayət deyil,Heç razı deyiləm,Raziyam,4-5 il,Cavab verməkdə çətinlik çəkirəm,Raziyam,Cavab verməkdə çətinlik çəkirəm,Raziyam,Heç razı deyiləm,Cavab verməkdə çətinlik çəkirəm,Çox hazıram,"Bəli, digər şəxslərlə birlikdə (məsələn, kurslar, doktorantura məktəbi, birgə rəhbərlər)",Qismən razıyam,Raziyam,Raziyam,"Attestasiya və dissertasiya şurası prosedurları, Qaydaların aydınlığı və sabitliyi, Doktorantlar üçün maliyyə dəstəyi",Maliyyə dəstəyi,
18.03.2026 15:22:52,Elmi-tədqiqat İnstitutu,"Botany, Biological Resources, Ecology","direktor 1 ştat, mərkəz rəhbəri yarımştat",21,5,Bakı,Individual,Həftədə bir dəfə,Qismən aydındır,Qismən əhəmiyyətlidir,Çox vacibdir,Çox vacibdir,Az əhəmiyyətlidir,Vacibdir,Vacib deyil,Raziyam,Qismən razıyam,Raziyam,Raziyam,Heç razı deyiləm,Raziyam,Ümumilikdə kifayət deyil,Raziyam,Qismən razıyam,4-5 il,Heç razı deyiləm,Raziyam,Heç razı deyiləm,Heç razı deyiləm,Heç razı deyiləm,Qismən razıyam,Çox hazıram,"Bəli, əsasən mən",Qismən razıyam,Qismən razıyam,Heç razı deyiləm,"Attestasiya və dissertasiya şurası prosedurları, Elmi rəhbərlərin təlimi və peşəkar inkişafı, Doktorantlar üçün maliyyə dəstəyi","1.İndeksləşmiş jurnallarda məqaləsi olmayan şəxslər rəhbər edilməsin.
2.Elmlər doktoru olmayan şəxslər rəhbərlikdən məhrum edilsin.","1. Elmi tədqiqat institutlarında və ya universitetlərdə doktorantlara aid olduğu ixtisas üzrə, eləcə də süni intelekt və texnologiyalar proqramlarında  dərslər keçirilməlidir."
18.03.2026 15:24:04,Elmi-tədqiqat İnstitutu,Economics of Technological Innovations,Elmi rəhbər,1,1,Bakı,Individual,Həftədə bir dəfə,Çox aydındır,Vacibdir,Vacibdir,Vacibdir,Vacibdir,Vacibdir,Vacibdir,Raziyam,Raziyam,Raziyam,Raziyam,Raziyam,Raziyam,Qismən kifayətdir,Heç razı deyiləm,Cavab verməkdə çətinlik çəkirəm,3-4 il,Raziyam,Cavab verməkdə çətinlik çəkirəm,Cavab verməkdə çətinlik çəkirəm,Cavab verməkdə çətinlik çəkirəm,Qismən razıyam,Raziyam,Hazır deyiləm,"Xeyr, bu əsasən formal kurslar və ya digər bölmələr tərəfindən təmin olunur",Qismən razıyam,Qismən razıyam,Qismən razıyam,"Attestasiya və dissertasiya şurası prosedurları, Tədqiqat etikası və akademik dürüstlük prosedurları, Doktorantlar üçün maliyyə dəstəyi",Maliyə dəstəyi,
18.03.2026 15:40:06,Elmi-tədqiqat İnstitutu,"Bioinformatics, Genetics, Molecular Biology","Baş elmi işçi, ştat",30,2,Bakı,Individual,Həftədə bir dəfə,Qismən aydındır,Vacibdir,Çox vacibdir,Çox vacibdir,,Vacibdir,Vacibdir,Raziyam,Raziyam,Qismən razıyam,Raziyam,Heç razı deyiləm,Qismən razıyam,Əsasən kifayət deyil,Qismən razıyam,Raziyam,3-4 il,Raziyam,Raziyam,Raziyam,Raziyam,Qismən razıyam,Raziyam,Çox hazıram,"Bəli, əsasən mən",Qismən razıyam,Raziyam,Heç razı deyiləm,"Attestasiya və dissertasiya şurası prosedurları, Elmi rəhbərlik üçün institusional dəstək, Doktorantlar üçün maliyyə dəstəyi","(1) Normal iş şəraiti, (2) Maliyyə dəstəyi",Yuxarıdakı qeydlərim yetərlidir.
18.03.2026 15:53:43,Elmi-tədqiqat İnstitutu,"Philology, Folklore Studies","Şöbə müdiri, professor",20,5,Bakı,Individual,Həftədə bir dəfə,Çox aydındır,Vacibdir,Çox vacibdir,Vacibdir,Vacibdir,Vacibdir,Vacibdir,Raziyam,Raziyam,Raziyam,Qismən razıyam,Heç razı deyiləm,Qismən razıyam,Qismən kifayətdir,Qismən razıyam,Raziyam,3-4 il,Qismən razıyam,Qismən razıyam,Raziyam,Qismən razıyam,Raziyam,Qismən razıyam,Çox hazıram,"Bəli, əsasən mən",Qismən razıyam,Raziyam,Qismən razıyam,"Attestasiya və dissertasiya şurası prosedurları, Tədqiqat etikası və akademik dürüstlük prosedurları, Doktorantlar üçün maliyyə dəstəyi","Doktorantların nəzəri hazırlığını yüksək səviyyəyə çatdırmaq, müasir elmi-nəzəri, metedoloji bazaya yiyələndirmək","Həm doktorantı, həm də elmi rəhbərin Maddi vəziyyətinin yaxşılaşdırılması"
18.03.2026 15:53:59,Universitet,Engineering,ştat,30,1,Bakı,Individual,Ayda bir dəfə,Qismən aydındır,Vacibdir,Vacibdir,Çox vacibdir,Vacibdir,Vacibdir,Vacib deyil,Raziyam,Raziyam,Raziyam,Raziyam,Cavab verməkdə çətinlik çəkirəm,Raziyam,Qismən kifayətdir,Qismən razıyam,Raziyam,3-4 il,Raziyam,Raziyam,Raziyam,Cavab verməkdə çətinlik çəkirəm,Raziyam,Raziyam,Çox hazıram,"Bəli, digər şəxslərlə birlikdə (məsələn, kurslar, doktorantura məktəbi, birgə rəhbərlər)",Heç razı deyiləm,Qismən razıyam,Cavab verməkdə çətinlik çəkirəm,"Attestasiya və dissertasiya şurası prosedurları, Doktorantura tədqiqatında süni intellektin istifadəsi və qaydaların tənzimlənməsi, Doktorantlar üçün maliyyə dəstəyi",,
18.03.2026 15:54:36,Universitet,,Yarimstat,3,1,Bakı,Individual,semestrdə bir dəfə,Qismən aydındır,Çox vacibdir,Vacibdir,Çox vacibdir,Çox vacibdir,Vacibdir,Vacibdir,Çox razıyam,Raziyam,Cavab verməkdə çətinlik çəkirəm,Cavab verməkdə çətinlik çəkirəm,Cavab verməkdə çətinlik çəkirəm,Cavab verməkdə çətinlik çəkirəm,Əsasən kifayət deyil,Cavab verməkdə çətinlik çəkirəm,Qismən razıyam,3 ildən az,Raziyam,Heç razı deyiləm,Qismən razıyam,Cavab verməkdə çətinlik çəkirəm,Raziyam,Qismən razıyam,Hazır deyiləm,"Bəli, digər şəxslərlə birlikdə (məsələn, kurslar, doktorantura məktəbi, birgə rəhbərlər)",Heç razı deyiləm,Heç razı deyiləm,Cavab verməkdə çətinlik çəkirəm,"Attestasiya və dissertasiya şurası prosedurları, Elmi rəhbərlərin iş yükü və vaxt bölgüsü, Elmi rəhbərlərin təlimi və peşəkar inkişafı",,
18.03.2026 16:00:12,Universitet,Information Security Methods and Systems (3339.01),Kafedra müdiri,5,1,Abşeron - Xızı,Individual,Ayda bir dəfə,Qismən aydındır,Vacibdir,Vacibdir,Vacibdir,Vacib deyil,Vacibdir,Vacibdir,Cavab verməkdə çətinlik çəkirəm,Cavab verməkdə çətinlik çəkirəm,Cavab verməkdə çətinlik çəkirəm,Raziyam,Cavab verməkdə çətinlik çəkirəm,Cavab verməkdə çətinlik çəkirəm,Əsasən kifayət deyil,Heç razı deyiləm,Qismən razıyam,5-6 il,Qismən razıyam,Qismən razıyam,Cavab verməkdə çətinlik çəkirəm,Qismən razıyam,Heç razı deyiləm,Qismən razıyam,Qismən hazıram,"Bəli, əsasən mən",Qismən razıyam,Qismən razıyam,Cavab verməkdə çətinlik çəkirəm,"Elmi rəhbərlərin iş yükü və vaxt bölgüsü, Tədqiqat etikası və akademik dürüstlük prosedurları, Doktorantlar üçün maliyyə dəstəyi",,
18.03.2026 16:22:17,Elmi-tədqiqat İnstitutu,Political Science,yarımştat,12,3,Bakı,Individual,Ayda bir dəfə,Çox aydındır,Vacibdir,Vacibdir,Çox vacibdir,Vacibdir,Çox vacibdir,Qismən əhəmiyyətlidir,Raziyam,Raziyam,Raziyam,Qismən razıyam,Cavab verməkdə çətinlik çəkirəm,Qismən razıyam,Tam kifayətdir,Raziyam,Raziyam,3 ildən az,Qismən razıyam,Qismən razıyam,Raziyam,Cavab verməkdə çətinlik çəkirəm,Cavab verməkdə çətinlik çəkirəm,Raziyam,Çox hazıram,"Bəli, əsasən mən",Cavab verməkdə çətinlik çəkirəm,Cavab verməkdə çətinlik çəkirəm,Raziyam,"Attestasiya və dissertasiya şurası prosedurları, Elmi rəhbərlik üçün institusional dəstək, Doktorantura tədqiqatında süni intellektin istifadəsi və qaydaların tənzimlənməsi",Elmi rəhbərliyin maliyyə dəstəyi,"Attestasiya, Müzakirə, seminar və müdafiə prosedurları ciddiləşməlidir"
18.03.2026 16:24:16,Universitet,Comparative-Historical and Comparative-Typological Linguistics (5714.01),Kafedra müdiri (yarimştat professor),5,1,Bakı,Individual,Həftədə bir dəfə,Qismən aydındır,Vacibdir,Vacibdir,Vacibdir,Qismən əhəmiyyətlidir,Vacibdir,Vacibdir,Qismən razıyam,Cavab verməkdə çətinlik çəkirəm,Cavab verməkdə çətinlik çəkirəm,Qismən razıyam,Qismən razıyam,Qismən razıyam,Qismən kifayətdir,Cavab verməkdə çətinlik çəkirəm,Qismən razıyam,4-5 il,Qismən razıyam,Qismən razıyam,Cavab verməkdə çətinlik çəkirəm,,Cavab verməkdə çətinlik çəkirəm,Cavab verməkdə çətinlik çəkirəm,Qismən hazıram,"Bəli, əsasən mən",Qismən razıyam,Qismən razıyam,Cavab verməkdə çətinlik çəkirəm,"Attestasiya və dissertasiya şurası prosedurları, İnzibati səmərəlilik və müddətlər, Elmi rəhbərlik üçün institusional dəstək",Elmi rəhbərlik üçün saat artırılmalı və maliyyə dəstəyi,Doktorantlara və rəhbərlərinə xaricə əlaqələr üçün yaradıcılıq ezamiyyətlərin mayiyyələşdiriməsi
18.03.2026 16:37:29,Universitet,Microbiology,aparıcı elmi işçi,1,1,Bakı,Joint ,Həftədə bir dəfə,Cavab verməkdə çətinlik çəkirəm,Vacibdir,Vacibdir,Vacibdir,Vacibdir,Vacibdir,Vacibdir,Qismən razıyam,Heç razı deyiləm,Qismən razıyam,Heç razı deyiləm,Heç razı deyiləm,Qismən razıyam,Əsasən kifayət deyil,Heç razı deyiləm,Çox razıyam,3-4 il,Heç razı deyiləm,Qismən razıyam,Qismən razıyam,Çox razıyam,Cavab verməkdə çətinlik çəkirəm,Cavab verməkdə çətinlik çəkirəm,Çox hazıram,"Bəli, digər şəxslərlə birlikdə (məsələn, kurslar, doktorantura məktəbi, birgə rəhbərlər)",Qismən razıyam,Qismən razıyam,Raziyam,"Attestasiya və dissertasiya şurası prosedurları, İnzibati səmərəlilik və müddətlər, Qaydaların aydınlığı və sabitliyi, Elmi rəhbərlərin iş yükü və vaxt bölgüsü, Elmi rəhbərlik üçün institusional dəstək, Elmi rəhbərlərin təlimi və peşəkar inkişafı, Tədqiqat etikası və akademik dürüstlük prosedurları, Doktorantura tədqiqatında süni intellektin istifadəsi və qaydaların tənzimlənməsi, Doktorantlar üçün maliyyə dəstəyi, Qeyri-akademik karyeraya hazırlıq, Rifah və psixi sağlamlıq dəstəyi, Münaqişələrin həlli mexanizmləri",doktoranta təyin olunan mövzuya uyğun maliyyə dəstəyi olmalıdır.,təsssüf ki islərin yerinə yetirilməsi üçün maddi texniki baza demək olar ki yox səviyyəsindədir. Buna baxmayaraq hər il doktoranturaya sənəd verənlərin sayı artır və sonda müdafiə belə edə bilmirlər.
18.03.2026 16:44:29,Universitet,Mathematics,Ştat,15,1,Bakı,Individual,Həftədə bir dəfə,Qismən aydındır,Az əhəmiyyətlidir,Çox vacibdir,Çox vacibdir,Qismən əhəmiyyətlidir,Çox vacibdir,Vacibdir,Qismən razıyam,Qismən razıyam,Raziyam,Qismən razıyam,Heç razı deyiləm,Heç razı deyiləm,Əsasən kifayət deyil,Heç razı deyiləm,Raziyam,4-5 il,Cavab verməkdə çətinlik çəkirəm,Cavab verməkdə çətinlik çəkirəm,Heç razı deyiləm,Cavab verməkdə çətinlik çəkirəm,Heç razı deyiləm,Heç razı deyiləm,Qismən hazıram,"Bəli, digər şəxslərlə birlikdə (məsələn, kurslar, doktorantura məktəbi, birgə rəhbərlər)",Raziyam,Raziyam,Heç razı deyiləm,"İnzibati səmərəlilik və müddətlər, Elmi rəhbərlik üçün institusional dəstək, Doktorantlar üçün maliyyə dəstəyi",Elmi rəhbərlik üçün ayrılan dərs yükü artırılmalıdır. ,Xarici dildən qəbul və minimum imtahanları nisbətən asanlaşdırılmalıdır
18.03.2026 16:47:16,Universitet,Nanotechnologies and Nanomaterials,Laboratoriya müdiri,20,3,Bakı,Individual,Həftədə bir dəfə,Çox aydındır,Vacibdir,Çox vacibdir,Çox vacibdir,Vacib deyil,Çox vacibdir,Çox vacibdir,Raziyam,Heç razı deyiləm,Qismən razıyam,Heç razı deyiləm,Heç razı deyiləm,Raziyam,Ümumilikdə kifayət deyil,Raziyam,Qismən razıyam,3-4 il,Qismən razıyam,Raziyam,Raziyam,Qismən razıyam,Heç razı deyiləm,Heç razı deyiləm,Çox hazıram,"Bəli, əsasən mən",Heç razı deyiləm,Qismən razıyam,Qismən razıyam,"Elmi rəhbərlərin iş yükü və vaxt bölgüsü, Elmi rəhbərlik üçün institusional dəstək, Doktorantlar üçün maliyyə dəstəyi",,"Elmii rəhbərlərə doktorantlara görə verilən illik məvacib 400-800)azn onlar üçün təhqirdən başqa bir şey deyil. Rəhbərlərin mükafatlandırılması diferensial olmalıdır. Onların yetişdirdikləri mütəxəssislərin məqalələri, jurnallara yaza bildikləri rəylər və s. asılı olaraq onlara verilən maddi və maliyyə dəstəyi dəyişməlidir. Və s. və i.a."
18.03.2026 17:25:24,Universitet,History,Magistratura və doktorantura şöbəsinin müdiri,2,1,Bakı,Individual,Ayda bir dəfə,Çox aydındır,Qismən əhəmiyyətlidir,Çox vacibdir,Çox vacibdir,Vacibdir,Çox vacibdir,Çox vacibdir,Raziyam,Raziyam,Çox razıyam,Raziyam,Raziyam,Cavab verməkdə çətinlik çəkirəm,Qismən kifayətdir,Qismən razıyam,Raziyam,3-4 il,Qismən razıyam,Qismən razıyam,Qismən razıyam,Heç razı deyiləm,Qismən razıyam,Qismən razıyam,Çox hazıram,"Xeyr, bu əsasən formal kurslar və ya digər bölmələr tərəfindən təmin olunur",Heç razı deyiləm,Qismən razıyam,Heç razı deyiləm,"Attestasiya və dissertasiya şurası prosedurları, Qaydaların aydınlığı və sabitliyi, Elmi rəhbərlik üçün institusional dəstək",Rəhbər üzərində tələbkarlığı artırmaq və rəhbəri həvəsləndirmək,Xarici dildən imtahanı götürmək və Doktorantura şğbəsinin statusunu genişləndirmək.
18.03.2026 18:26:33,Universitet,Information Law,ştat,8,6,Bakı,Individual,Ayda bir dəfə,Cavab verməkdə çətinlik çəkirəm,Az əhəmiyyətlidir,Çox vacibdir,Çox vacibdir,Vacib deyil,Çox vacibdir,Vacibdir,Raziyam,Heç razı deyiləm,Heç razı deyiləm,Qismən razıyam,Heç razı deyiləm,Raziyam,Əsasən kifayət deyil,Qismən razıyam,Cavab verməkdə çətinlik çəkirəm,4-5 il,Qismən razıyam,Heç razı deyiləm,Raziyam,Qismən razıyam,Raziyam,Heç razı deyiləm,Çox hazıram,"Bəli, digər şəxslərlə birlikdə (məsələn, kurslar, doktorantura məktəbi, birgə rəhbərlər)",Heç razı deyiləm,Raziyam,Heç razı deyiləm,"İnzibati səmərəlilik və müddətlər, Qaydaların aydınlığı və sabitliyi, Elmi rəhbərlik üçün institusional dəstək, Doktorantura tədqiqatında süni intellektin istifadəsi və qaydaların tənzimlənməsi","Prosedur qaydalar sadələşdirilməlidir. Məsələn, Seminar Şurasının fəaliyyəti ümumiyyətlə formaldır.",
18.03.2026 19:01:23,Universitet,Oil and Gas Field Development and Operation,yarımştat professor,22,4,Bakı,Individual,Həftədə bir dəfə,Çox aydındır,Çox vacibdir,Çox vacibdir,Çox vacibdir,Qismən əhəmiyyətlidir,Çox vacibdir,Vacibdir,Çox razıyam,Çox razıyam,Çox razıyam,Raziyam,Cavab verməkdə çətinlik çəkirəm,Raziyam,Tam kifayətdir,Çox razıyam,Qismən razıyam,3-4 il,Qismən razıyam,Raziyam,Çox razıyam,Qismən razıyam,Raziyam,Raziyam,Çox hazıram,"Bəli, əsasən mən",Heç razı deyiləm,Qismən razıyam,Qismən razıyam,"Attestasiya və dissertasiya şurası prosedurları, Elmi rəhbərlik üçün institusional dəstək, Doktorantlar üçün maliyyə dəstəyi",Elmi rəhbərlik üçün institusional dəstəyin verilməsi,Elmi rəhbərlik üçün institusional dəstəyin gücləndirilməsi və doktorantlar üçün daha yaxşı tədqiqat şəraitinin yaradılması
18.03.2026 19:29:31,Universitet,"Materials Technology, Metallurgy, Materials Science",1 ştat pofessor,32,4,Bakı,Individual,Ayda bir dəfə,Çox aydındır,Vacibdir,Vacibdir,Vacibdir,Vacibdir,Çox vacibdir,Vacibdir,Raziyam,Raziyam,Raziyam,Qismən razıyam,Heç razı deyiləm,Qismən razıyam,Qismən kifayətdir,Raziyam,Qismən razıyam,4-5 il,Raziyam,Raziyam,Qismən razıyam,Raziyam,Qismən razıyam,Qismən razıyam,Çox hazıram,"Bəli, əsasən mən",Raziyam,Raziyam,Raziyam,"Attestasiya və dissertasiya şurası prosedurları, Elmi rəhbərlərin iş yükü və vaxt bölgüsü, Elmi rəhbərlik üçün institusional dəstək","Tədqiqat bazasının mövcudluğu, dokturantura üçün dərs yükünün optimallaşdırilması","AAK-ın ləğv edilməsi, doktorantın və dissertasiyanın alimlər tərəfindən qiymətləndirilməsi"
18.03.2026 20:28:34,Universitet,Biochemistry,müəllim,7,1,Bakı,Joint ,Ayda bir dəfə,Çox aydındır,Vacibdir,Çox vacibdir,Çox vacibdir,Vacib deyil,Çox vacibdir,Vacibdir,Cavab verməkdə çətinlik çəkirəm,Qismən razıyam,Qismən razıyam,Raziyam,Cavab verməkdə çətinlik çəkirəm,Qismən razıyam,Qismən kifayətdir,Raziyam,Qismən razıyam,4-5 il,Qismən razıyam,Qismən razıyam,Qismən razıyam,Çox razıyam,Çox razıyam,Raziyam,Çox hazıram,"Bəli, əsasən mən",Çox razıyam,Çox razıyam,Raziyam,"Attestasiya və dissertasiya şurası prosedurları, Elmi rəhbərlərin iş yükü və vaxt bölgüsü, Elmi rəhbərlərin təlimi və peşəkar inkişafı, Doktorantura tədqiqatında süni intellektin istifadəsi və qaydaların tənzimlənməsi",maddi-texniki bazanın təmini,
18.03.2026 20:50:25,Universitet,History,Professor,30,2,Bakı,Individual,Ayda bir dəfə,Çox aydındır,Vacibdir,Vacibdir,Vacibdir,Vacibdir,Vacibdir,Vacibdir,Raziyam,Qismən razıyam,Qismən razıyam,Raziyam,Heç razı deyiləm,Raziyam,Qismən kifayətdir,Raziyam,Qismən razıyam,4-5 il,Raziyam,Raziyam,Raziyam,Qismən razıyam,Raziyam,Raziyam,Çox hazıram,"Bəli, əsasən mən",Qismən razıyam,Raziyam,Qismən razıyam,"Elmi rəhbərlərin iş yükü və vaxt bölgüsü, Tədqiqat etikası və akademik dürüstlük prosedurları, Doktorantlar üçün maliyyə dəstəyi",Doktoranturada elmi rəhbərlik üçün ayrılmış tədris saatlarının indiki miqdarının saxlanması,"Doktotanta maliyyə dəstəyi: Müxtəlif arxivlərdə işləmək üçün ezamiyyət xərclərinin qarşılanması, xarici ölkələrdə elmi konfranslarda iştirak üçün xərclərin qarşılanması, indekslənən nəşrlərdə elmi məqalə xərclərinin qarşılanması."
18.03.2026 21:02:11,Universitet,"Chemistry, Petrochemistry",Qida və Biotexnologiya kafedrasının müdiri,8,5,Abşeron - Xızı,Individual,Həftədə bir dəfə,Qismən aydındır,Vacib deyil,Çox vacibdir,Çox vacibdir,Qismən əhəmiyyətlidir,Çox vacibdir,Çox vacibdir,Raziyam,Raziyam,Raziyam,Heç razı deyiləm,Heç razı deyiləm,Qismən razıyam,Qismən kifayətdir,Cavab verməkdə çətinlik çəkirəm,Cavab verməkdə çətinlik çəkirəm,4-5 il,Heç razı deyiləm,Cavab verməkdə çətinlik çəkirəm,Heç razı deyiləm,Heç razı deyiləm,Heç razı deyiləm,Cavab verməkdə çətinlik çəkirəm,Qismən hazıram,"Bəli, əsasən mən",Heç razı deyiləm,Qismən razıyam,Raziyam,"Elmi rəhbərlərin iş yükü və vaxt bölgüsü, Tədqiqat etikası və akademik dürüstlük prosedurları, Doktorantlar üçün maliyyə dəstəyi",Azərbaycanda formalaşmış elmi məktəbləri qorumaq və inkişafı üçün dəstək olmaq. Bəzi tədqiqatları tamamlamaq üçün elmi tədqiqat mərkəzlərin yazadılması.,Doktorantura təhsilini təkminləşdirmək üçün resursları zənginləşdirmək lazımdır. Bunun üçün Türkiyənin 1990-cı ildən bu günə kimi qazandığı uğurlara baxaraq həmin yolla irəliləmək lazımdır.
18.03.2026 21:23:07,Universitet,Psychology,Professor ,30,6,Bakı,Individual,Ayda bir dəfə,Çox aydındır,Qismən əhəmiyyətlidir,Çox vacibdir,Çox vacibdir,Vacib deyil,Çox vacibdir,Qismən əhəmiyyətlidir,Raziyam,Qismən razıyam,Heç razı deyiləm,Qismən razıyam,Qismən razıyam,Raziyam,Qismən kifayətdir,Heç razı deyiləm,Qismən razıyam,3-4 il,Qismən razıyam,Raziyam,Raziyam,Raziyam,Heç razı deyiləm,Qismən razıyam,Çox hazıram,"Bəli, əsasən mən",Qismən razıyam,Qismən razıyam,Qismən razıyam,"Qaydaların aydınlığı və sabitliyi, Elmi rəhbərlik üçün institusional dəstək, Doktorantura tədqiqatında süni intellektin istifadəsi və qaydaların tənzimlənməsi",Elmi rəhbərlərin əməyinin maddi qiymətləndirilməsi onların motivasiyasına müsbət təsir göstərər,Süni intellektin redurs kimi istifafəsini təkmilləşdirmək.  
18.03.2026 22:30:01,Universitet,Economics,dosent,10,3,Bakı,Individual,Ayda bir dəfə,Qismən aydındır,Vacibdir,Çox vacibdir,Çox vacibdir,Vacibdir,Çox vacibdir,Vacibdir,Raziyam,Heç razı deyiləm,Raziyam,Qismən razıyam,Heç razı deyiləm,Qismən razıyam,Əsasən kifayət deyil,Qismən razıyam,Qismən razıyam,5-6 il,Qismən razıyam,Qismən razıyam,Heç razı deyiləm,Qismən razıyam,Qismən razıyam,Qismən razıyam,Çox hazıram,"Bəli, əsasən mən",Raziyam,Raziyam,Raziyam,"Attestasiya və dissertasiya şurası prosedurları, Elmi rəhbərlərin iş yükü və vaxt bölgüsü, Doktorantlar üçün maliyyə dəstəyi","elmi rəhbərlər ixtisasa uyğun və mövzu üzrə hakim olmalıdır. attestasiyalarda, müzakirələrdə və xüsusən müdafiədə elmi rəhbərin iştirakı məcburi olmalıdır. elmi rəhbərin rəyi yeganə göstərici ola bilməz. elmi tədqiqatın aparılması və müdafiə prorsində birbaşa iştirakçi olmalıdır. ","təhsilin kreditləşməsi, minimumların verilməsindən əvvəl təhsil proqramı ilə hazırlıq, doktorantranların transferi, elmi rəhbərlərin ixtisas və mövzu üzrə hakim olması, doktorant elmi müəssisənin yetirməsi olması və akadmeik fəaliyyətinin davamlılğının təmini olunmalı, maliyyə ayırımı, tədqiqatların aparılmasının ölkədaxili və ölkəxarici aparılmasının dəstəklənməsi"
18.03.2026 23:10:51,Universitet,History,Dosent,1,1,Bakı,Individual,Həftədə bir dəfə,Çox aydındır,Qismən əhəmiyyətlidir,Vacibdir,Çox vacibdir,Vacib deyil,Çox vacibdir,Qismən əhəmiyyətlidir,Raziyam,Heç razı deyiləm,Heç razı deyiləm,Heç razı deyiləm,Heç razı deyiləm,Heç razı deyiləm,Ümumilikdə kifayət deyil,Heç razı deyiləm,Raziyam,3-4 il,Raziyam,Heç razı deyiləm,Raziyam,Raziyam,Heç razı deyiləm,Heç razı deyiləm,Çox hazıram,"Bəli, digər şəxslərlə birlikdə (məsələn, kurslar, doktorantura məktəbi, birgə rəhbərlər)",Raziyam,Raziyam,Heç razı deyiləm,"Attestasiya və dissertasiya şurası prosedurları, Elmi rəhbərlik üçün institusional dəstək, Doktorantlar üçün maliyyə dəstəyi",Müəssisələrdə doktorantların mövzu və elmi rəhbər seçimindəki qeyri-rəsmi inhisarın aradan qaldırılması və daha məsuliyyətli araşdırmaçılara elmi rəhbər olmaq imkanının yaradılması.,"Doktorantura təhsilində formal atestasiyaların aradan qaldırılması və ciddi araşdırmaların aparılması üçün aidiyyatlı təhsil müəssisəsi tərəfindən maliyyə dəstəyinin ayrılması şərtdir. Məsələn, arxivlərdə işləmək üçün ciddi maliyyə dəstəyinə ehtiyac var, doktorant bunu öz imkanları hesabına edə bilmir, müəssisə isə bu məsələdə maraqlı deyil. Ona görə də işlərin tədqiqat səviyyəsi arzuolunan səviyyədə deyil. Xaricdə beynəlxalq konfransda iştirak etmək vacibdir, lakin buna maliyyə dəstəyi verilmir. Doktorantura təhsili çərçivəsində müəssisə bütün bunları nəzərə almalı, sahə üzrə beynəlxalq rəqabətə davamlı doktorantların yetişdirilməsi üçün öz strategiyasını hazırlamalıdır. Burada isə mütləq maliyyə dəstəyi nəzərə alınmalıdır."
18.03.2026 23:23:00,Universitet,Sectoral Economics (5312.01), yarımştat dosent,4,2,Bakı,Individual,Həftədə bir dəfə,Qismən aydındır,Vacibdir,Çox vacibdir,Çox vacibdir,Qismən əhəmiyyətlidir,Çox vacibdir,Vacibdir,Raziyam,Raziyam,Qismən razıyam,Qismən razıyam,Heç razı deyiləm,Raziyam,Əsasən kifayət deyil,Qismən razıyam,Cavab verməkdə çətinlik çəkirəm,3-4 il,Heç razı deyiləm,Qismən razıyam,Raziyam,Cavab verməkdə çətinlik çəkirəm,Cavab verməkdə çətinlik çəkirəm,Raziyam,Çox hazıram,"Bəli, əsasən mən",Qismən razıyam,Raziyam,Qismən razıyam,"Attestasiya və dissertasiya şurası prosedurları, Elmi rəhbərlik üçün institusional dəstək, Doktorantlar üçün maliyyə dəstəyi",Maliyyə dəstəyinin artırılması,Tədqiqatların maliyyələşdirilməsi mexanizmlərinin təkmilləşdirilməsi və maliyyənin artırılması
18.03.2026 23:24:40,Universitet,Ornithology,"Kafedra müdiri-tam ştat
Müəllim - yarımştat",6,2,Bakı,Individual,Ayda bir dəfə,Çox aydındır,Vacibdir,Vacibdir,Vacibdir,Vacib deyil,Vacibdir,Vacibdir,Qismən razıyam,Qismən razıyam,Qismən razıyam,Qismən razıyam,Heç razı deyiləm,Qismən razıyam,Ümumilikdə kifayət deyil,Raziyam,Qismən razıyam,4-5 il,Qismən razıyam,Qismən razıyam,Cavab verməkdə çətinlik çəkirəm,Qismən razıyam,Qismən razıyam,Qismən razıyam,Çox hazıram,"Bəli, əsasən mən",Raziyam,Raziyam,Cavab verməkdə çətinlik çəkirəm,"Qaydaların aydınlığı və sabitliyi, Elmi rəhbərlərin iş yükü və vaxt bölgüsü, Doktorantlar üçün maliyyə dəstəyi",Elmi rəhbərə  doktoranta görə ayrılan maliyə vəsaiti və doktorantın gələcək iş yerlərində maliyyə təminatı,"Doktorantın və elmi rəhbərin maliyyə təminatı
Qeyd olunan suallar doktorantura pilləsini qiymətləndirmək üçün kifayət deyil. "
19.03.2026 0:03:18,Universitet,History,dosent (ştat),,3,Bakı,Individual,Həftədə bir dəfə,Qismən aydındır,Vacibdir,Çox vacibdir,Çox vacibdir,Qismən əhəmiyyətlidir,Vacibdir,Qismən əhəmiyyətlidir,Qismən razıyam,Qismən razıyam,Cavab verməkdə çətinlik çəkirəm,Heç razı deyiləm,Cavab verməkdə çətinlik çəkirəm,Raziyam,Əsasən kifayət deyil,Heç razı deyiləm,Raziyam,5-6 il,Raziyam,Qismən razıyam,Qismən razıyam,Cavab verməkdə çətinlik çəkirəm,Qismən razıyam,Heç razı deyiləm,Çox hazıram,"Xeyr, bu əsasən formal kurslar və ya digər bölmələr tərəfindən təmin olunur",Heç razı deyiləm,Qismən razıyam,Heç razı deyiləm,"Attestasiya və dissertasiya şurası prosedurları, Elmi rəhbərlərin iş yükü və vaxt bölgüsü, Doktorantlar üçün maliyyə dəstəyi",Təhsil prosesində iştirak edən elmi rəhbərlərin dərs yüklərinin ağır olması ilə əlaqədar elmi rəhbərliyi daha səmərəli həyata keçirmələri üçün iş şəraiti nəzərə alına bilər. Tədqiqat mövzularının aktuallığı və problemlərin mürəkkəbliyi nəzərə alınmaqla doktrantlara fəqrli yanaşma təqdim olunmalıdır. Elmi rəhbərlikdə tələbkar davranış doktrantın akademik - elmi azadlığını boğmamalıdır. ,Doktranturaya qəbul magistraturanın dərhal bitirilməsindən sonra olmamalıdır. Magistratura mərhələsində iddaçı tarix elminin problematik mövzuları ilə tam və hərtərəfli tanışlıq imkanı qazanmır. Doktranturaya qəbula kimi iddiaçı elmi konfranslarda çıxış etməli və elmi tədqiat bacarığını nümayiş etdirməlidir. Qəbul imtahanlarında informatika və məntiq kimi əhəmiyyətsiz fənnlər əvəzində ixtisas üzrə əlavə fənndən imtahanın verilməsi daha yaxşı olardı. 
19.03.2026 1:04:17,Universitet,Transport Process Management (Railway Sector),Dosent,1,1,Abşeron - Xızı,Individual,Həftədə bir dəfə,Qismən aydındır,Vacibdir,Vacibdir,Vacibdir,Vacib deyil,Çox vacibdir,Vacib deyil,Raziyam,Raziyam,Cavab verməkdə çətinlik çəkirəm,Qismən razıyam,Heç razı deyiləm,Raziyam,Qismən kifayətdir,Cavab verməkdə çətinlik çəkirəm,Raziyam,3-4 il,Raziyam,Raziyam,Raziyam,Raziyam,Cavab verməkdə çətinlik çəkirəm,Qismən razıyam,Qismən hazıram,"Bəli, əsasən mən",Raziyam,Raziyam,Qismən razıyam,"Elmi rəhbərlik üçün institusional dəstək, Doktorantura tədqiqatında süni intellektin istifadəsi və qaydaların tənzimlənməsi, Doktorantlar üçün maliyyə dəstəyi, Rifah və psixi sağlamlıq dəstəyi","Doktorantura təhsilində yeni istiqamətlər və yanaşmalar üzrə təlimlərin keçirilməsi, Scopusda məqalələrin ödənişlərində güzəştlərin tətbiq edilməsi","1. Dissertasiyanın müdafiəsi prosedurları təkmilləşdirilməlidir. Yerinə yetirilmiş iş öz aktuallığını itirməsin deyə biraz tezləşdirmə mexanizminə ehtiyac var. 
2. Doktorantura təhsili çox da əlçatan olmamalıdır. Əsasən də, əsgərlikdən yayınma mexanizminin rahat elementi kimi. Məncə, qəbul sənədlərində minimum iki mütəxəssisin tövsiyyə xarakterli rəyləri əlavə olunmalıdır.
3. Hamımıza Uğurlar Arzulayıram!"
19.03.2026 1:11:20,Universitet,History,Tam ştat dosent,8,1,Bakı,Individual,Ayda bir dəfə,Çox aydındır,Qismən əhəmiyyətlidir,Vacibdir,Vacibdir,Qismən əhəmiyyətlidir,Vacibdir,Qismən əhəmiyyətlidir,Cavab verməkdə çətinlik çəkirəm,Heç razı deyiləm,Heç razı deyiləm,Heç razı deyiləm,Heç razı deyiləm,Qismən razıyam,Ümumilikdə kifayət deyil,Qismən razıyam,Raziyam,3-4 il,Cavab verməkdə çətinlik çəkirəm,Qismən razıyam,Qismən razıyam,Çox razıyam,Heç razı deyiləm,Heç razı deyiləm,Çox hazıram,"Xeyr, bu əsasən formal kurslar və ya digər bölmələr tərəfindən təmin olunur",Heç razı deyiləm,Raziyam,Cavab verməkdə çətinlik çəkirəm,"Attestasiya və dissertasiya şurası prosedurları, Qaydaların aydınlığı və sabitliyi, Doktorantlar üçün maliyyə dəstəyi","Doktorantı müdafiə edə bilməyən, həmçinin akademik baxımdan zəif araşdırma təqdim edən rəhbərə yeni elmi rəhbərlik verilməməlidir","Doktiranturada təhsil müddətində ixtisas dərslərinin, həmçinin dissertasiya mövzusu üzrə ""Rəhbər dərsi""nin keçirilməsi faydalı ola bilər. Əksər hallarda rəhbərlər doktorantlarla maraqlanmırlar, işlərini sadəcə attesrasiya zamanı lazımi sənədləri imzalamaqla, dissertasiya müzakirəyə təqdim edilərkən rəy verməklə bitmiş hesab edirlər. Bu baxımdan, rəhbər olmağa görə verilən maaş dərs saatına və ya konkret zaman ərzində doktorantla auditoriya işinə görə veriləcək maaşla əvəzlənməlidir."
19.03.2026 7:35:02,Universitet,International Relations,Kafedra müdiri ,2,2,Bakı,Individual,Həftədə bir dəfə,Çox aydındır,Vacibdir,Vacibdir,Çox vacibdir,Vacibdir,Çox vacibdir,Vacibdir,Qismən razıyam,Qismən razıyam,Qismən razıyam,Raziyam,Raziyam,Raziyam,Tam kifayətdir,Raziyam,Heç razı deyiləm,4-5 il,Qismən razıyam,Raziyam,Raziyam,Raziyam,Çox razıyam,Çox razıyam,Çox hazıram,Tətbiq olunmur,Heç razı deyiləm,Qismən razıyam,Heç razı deyiləm,"Elmi rəhbərlərin təlimi və peşəkar inkişafı, Doktorantlar üçün maliyyə dəstəyi",,
19.03.2026 10:13:42,Universitet,Clinical Psychology,Stat,8,5,Bakı,Individual,Ayda bir dəfə,Çox aydındır,Vacibdir,Vacibdir,Vacibdir,Vacibdir,Çox vacibdir,Çox vacibdir,Raziyam,Raziyam,Raziyam,Raziyam,Qismən razıyam,Raziyam,Qismən kifayətdir,Cavab verməkdə çətinlik çəkirəm,Çox razıyam,3-4 il,Raziyam,Cavab verməkdə çətinlik çəkirəm,Cavab verməkdə çətinlik çəkirəm,Cavab verməkdə çətinlik çəkirəm,Cavab verməkdə çətinlik çəkirəm,Raziyam,Qismən hazıram,"Xeyr, bu əsasən formal kurslar və ya digər bölmələr tərəfindən təmin olunur",Qismən razıyam,Raziyam,Raziyam,"Elmi rəhbərlərin təlimi və peşəkar inkişafı, Doktorantlar üçün maliyyə dəstəyi, Rifah və psixi sağlamlıq dəstəyi",,
19.03.2026 10:23:41,Universitet,Earth Sciences,"kafedra müdiri, professor",20,2,Bakı,Individual,Ayda bir dəfə,Qismən aydındır,Çox vacibdir,Vacibdir,Vacibdir,Vacib deyil,Çox vacibdir,Vacibdir,Qismən razıyam,Heç razı deyiləm,Qismən razıyam,Qismən razıyam,Heç razı deyiləm,Raziyam,Qismən kifayətdir,Qismən razıyam,Raziyam,5-6 il,Qismən razıyam,Raziyam,Qismən razıyam,Cavab verməkdə çətinlik çəkirəm,Cavab verməkdə çətinlik çəkirəm,Heç razı deyiləm,Çox hazıram,"Bəli, digər şəxslərlə birlikdə (məsələn, kurslar, doktorantura məktəbi, birgə rəhbərlər)",Heç razı deyiləm,Qismən razıyam,Qismən razıyam,"Elmi rəhbərlərin iş yükü və vaxt bölgüsü, Elmi rəhbərlik üçün institusional dəstək, Doktorantlar üçün maliyyə dəstəyi",Doktorantlara elmi rəhəbrlik üçün verilən saatların miqdarı artırılmalıdır,"Doktorantın vaxtında dissertasiyasını müdafiə etmək üçün o mütləq ezamiyyətə, ekspedisiyalara getmək, toplanan materialı analiz etmək üçün müəssisə tərəfindən müəyyən qədər maliyyə dəstəyi lazımdır"
19.03.2026 10:53:05,Elmi-tədqiqat İnstitutu,"Population Geography, Economic Geography",aparıcı elmi işçi,10,4,Bakı,Individual,Həftədə bir dəfə,Çox aydındır,Çox vacibdir,Çox vacibdir,Vacibdir,Vacibdir,Çox vacibdir,Vacibdir,Qismən razıyam,Raziyam,Raziyam,Raziyam,Heç razı deyiləm,Raziyam,Əsasən kifayət deyil,Qismən razıyam,Raziyam,3-4 il,Qismən razıyam,Heç razı deyiləm,Qismən razıyam,Raziyam,Raziyam,Qismən razıyam,Çox hazıram,"Bəli, əsasən mən",Heç razı deyiləm,Qismən razıyam,Qismən razıyam,"Elmi rəhbərlik üçün institusional dəstək, Doktorantlar üçün maliyyə dəstəyi, Rifah və psixi sağlamlıq dəstəyi","Alimin maliyyə dəstəyi olmalıdır ki, doktorantlarla birlikdə elmi tədqiqatlara daha çox vaxt ayırsın. ","Bu təhsildə doktorantların daha çox çətinliyi xarici dil problemi olur, bu istiqamətdə digər dillərdən istifadə etmək olar. Konfranslarda çıxışlara və məqalə yazılmasına üstünlük vermək və bu işləri qiymətləndirmək. Tədqiqatın 4 il olması daha yaxşı olar. Alimi elminə görə qiymətləndirmək, AAK üçün yaxşı olardı ki, rəhmətlik alimimiz Azad müəllimin rəhbərlik dövrünə qayıdış etsin. Sizə uğurlar.  "
19.03.2026 11:12:59,,,,,,Bakı,Individual,Həftədə bir dəfə,Çox aydındır,Vacibdir,Qismən əhəmiyyətlidir,Az əhəmiyyətlidir,Az əhəmiyyətlidir,Az əhəmiyyətlidir,Az əhəmiyyətlidir,Heç razı deyiləm,Qismən razıyam,Heç razı deyiləm,Qismən razıyam,Heç razı deyiləm,Qismən razıyam,Tam kifayətdir,Qismən razıyam,Qismən razıyam,3 ildən az,Qismən razıyam,Qismən razıyam,Qismən razıyam,Qismən razıyam,Qismən razıyam,Qismən razıyam,Çox hazıram,"Bəli, əsasən mən",Qismən razıyam,Qismən razıyam,Heç razı deyiləm,Elmi rəhbərlərin iş yükü və vaxt bölgüsü,,
19.03.2026 11:19:37,Universitet,Monetary Sector of the Economy,Dosent,5,3,Bakı,Individual,3 ayda bir dəfə,Çox aydındır,Vacibdir,Vacibdir,Vacibdir,Qismən əhəmiyyətlidir,Vacibdir,Vacibdir,Raziyam,Heç razı deyiləm,Cavab verməkdə çətinlik çəkirəm,Raziyam,Heç razı deyiləm,Qismən razıyam,Qismən kifayətdir,Qismən razıyam,Heç razı deyiləm,3-4 il,Qismən razıyam,Cavab verməkdə çətinlik çəkirəm,Qismən razıyam,Qismən razıyam,Heç razı deyiləm,Cavab verməkdə çətinlik çəkirəm,Çox hazıram,"Bəli, digər şəxslərlə birlikdə (məsələn, kurslar, doktorantura məktəbi, birgə rəhbərlər)",Heç razı deyiləm,Heç razı deyiləm,Cavab verməkdə çətinlik çəkirəm,"Elmi rəhbərlərin iş yükü və vaxt bölgüsü, Elmi rəhbərlik üçün institusional dəstək, Elmi rəhbərlərin təlimi və peşəkar inkişafı",Elmi rəhbərliyə ayrılan saatların və ödənişin dəflərlə artırılması,"Doktorantların aralıq və yekun attestasiyasının formatının təkmilləşdirilməsi. Məsələn, aralıq attestasiya layihələr və məqalə nəşrləri əsasında keçirilə bilər, yekun attestasiya isə yalnız dissertasiya müdafiəsi şəklində ola bilər"
19.03.2026 11:51:44,Universitet,Microbiology,Mikrobiologiya və Virusologiya elmi-tədqiqat laboratoriyasının müdiri ( Tam ştat) ,43,5,Bakı,Individual,Həftədə bir dəfə,Çox aydındır,Çox vacibdir,Çox vacibdir,Çox vacibdir,Vacibdir,Çox vacibdir,Vacibdir,Qismən razıyam,Heç razı deyiləm,Heç razı deyiləm,Qismən razıyam,Heç razı deyiləm,Qismən razıyam,Əsasən kifayət deyil,Çox razıyam,Qismən razıyam,3-4 il,Heç razı deyiləm,Qismən razıyam,Qismən razıyam,Raziyam,Qismən razıyam,Qismən razıyam,Çox hazıram,"Bəli, əsasən mən",Qismən razıyam,Qismən razıyam,Heç razı deyiləm,"Attestasiya və dissertasiya şurası prosedurları, Elmi rəhbərlərin iş yükü və vaxt bölgüsü, Elmi rəhbərlik üçün institusional dəstək","
Elmi rəhbərin son 5-10 ildəki elmi fəaliyyəti: elmmetrik bazalara daxil olan Beynəlxalq jurnallardakı elmi nəşrləri.","1.Qiyabi doktorantura təhsili ləğv olunmalıdir. Bu yolla Azərbaycanda dissertasiya hazırlayanların 99.9%-inin elmdən xəbəri olmur. 2.Xarici elmi ədəbiyyatı orjinaldan oxuya bilməyənlərə elmi rəhbərlik ixtiyarı verməmək.3. Ali Attestasiya Komissiyasındakı ekspert şuralarını ləğv etmək.Bu şuraların tərkibi və fəaliyyəti bi qayda olaraq qeyri- normaldır. 4 Azərbaycanda dissertasiyanın müdafiəsi işinnin  reformaya ciddi ehtiyacı var.Əks halda Butun nazirlər və onların katibələrinə gədər olan işçiləri, Milli məclisin bütün üzvləri və onların köməkçiləri, İş adamları və onların köməkçilərinin əksəriyyəti elmlər doktoru diplomunu əldə etmiş olurlar. Fəlsəfə doktoru və elmlər doktoru elmi dərəcəsini yalnız elmi müəssisədə işləyənlər dissertantura yolu ilə, digər ali təhsillilər isə yalnız əyani doktorantura yolu ilə əldə etməlidirlər. Eksperimental sahələrdə doktorandura təhsilinin müddəti ən azı 4-5 il olmalıdır."
19.03.2026 15:42:12,Universitet,History,ştat,3,3,Bakı,Joint ,Ayda bir dəfə,Çox aydındır,Vacibdir,Vacibdir,Vacibdir,Az əhəmiyyətlidir,Vacibdir,Az əhəmiyyətlidir,Qismən razıyam,Raziyam,Raziyam,Raziyam,Qismən razıyam,Qismən razıyam,Qismən kifayətdir,Qismən razıyam,Qismən razıyam,3-4 il,Qismən razıyam,Heç razı deyiləm,Qismən razıyam,Qismən razıyam,Qismən razıyam,Qismən razıyam,Çox hazıram,"Bəli, digər şəxslərlə birlikdə (məsələn, kurslar, doktorantura məktəbi, birgə rəhbərlər)",Qismən razıyam,Qismən razıyam,Qismən razıyam,"Elmi rəhbərlərin iş yükü və vaxt bölgüsü, Elmi rəhbərlik üçün institusional dəstək, Tədqiqat etikası və akademik dürüstlük prosedurları",Elmi rəhbərlik üçün institusional dəstək,Qaydaların sadələşdirilməsi
19.03.2026 18:30:08,Universitet,Pedagogy,Tam ştat,4,1,Bakı,Individual,3 ayda bir dəfə,Çox aydındır,Qismən əhəmiyyətlidir,Çox vacibdir,Çox vacibdir,Vacib deyil,Çox vacibdir,Vacibdir,Qismən razıyam,Heç razı deyiləm,Qismən razıyam,Heç razı deyiləm,Heç razı deyiləm,Qismən razıyam,Əsasən kifayət deyil,Qismən razıyam,Raziyam,4-5 il,Qismən razıyam,Heç razı deyiləm,Raziyam,Çox razıyam,Qismən razıyam,Qismən razıyam,Çox hazıram,"Bəli, digər şəxslərlə birlikdə (məsələn, kurslar, doktorantura məktəbi, birgə rəhbərlər)",Heç razı deyiləm,Heç razı deyiləm,Heç razı deyiləm,"Elmi rəhbərlik üçün institusional dəstək, Elmi rəhbərlərin təlimi və peşəkar inkişafı, Doktorantlar üçün maliyyə dəstəyi","Məncə limitli məqalə sayı götürülsə, doktorantlar sanki üzərində yük hesab edirlər fəlsəfə üzrə 5, doktorluq üzrə 17 bu cür tədqiqat boşluq yaradır. Elə doktorant var dissertasiya işi hazlr deyil amma plan üzrə məqalələri hazırdı, necə olur məqalələr hazlrdı amma məqaləni əhatə edən dissertasiya mövzusu yox, tədqiqat aparmaq əlçatan və rahat olmalıdır və s.","Kaş ki, doktorluq proqramı üzlə müdafiə nəzəriyyə yazmaqdansa tıdqiqatını əhatə edən kitab və digər elmi fəaliyyətlərə görə təşkil olunardı. Hesab edirəm tədqiqat mövzusu nəzəri yazılardansa praktik tıcrübələr əsaslı olardı"
19.03.2026 22:54:32,Universitet,Criminal Law and Criminology; Penal Enforcement Law (5611.01),"kafedra müdiri, professor",15,5,Bakı,Individual,Ayda bir dəfə,Çox aydındır,Vacibdir,Vacibdir,Çox vacibdir,Vacibdir,Çox vacibdir,Vacib deyil,Cavab verməkdə çətinlik çəkirəm,Cavab verməkdə çətinlik çəkirəm,Cavab verməkdə çətinlik çəkirəm,Qismən razıyam,Heç razı deyiləm,Raziyam,Qismən kifayətdir,Qismən razıyam,Raziyam,3-4 il,Raziyam,Raziyam,Raziyam,Cavab verməkdə çətinlik çəkirəm,Cavab verməkdə çətinlik çəkirəm,Qismən razıyam,Çox hazıram,"Bəli, əsasən mən",Heç razı deyiləm,Cavab verməkdə çətinlik çəkirəm,Qismən razıyam,"Attestasiya və dissertasiya şurası prosedurları, Tədqiqat etikası və akademik dürüstlük prosedurları, Rifah və psixi sağlamlıq dəstəyi","elmi rəhbərin seçimi tədqiqat sahəsinə tam uyğun olmalıdır, yəni elmi rəhbərin tədqiqat sahəsi doktorantın seçdiyi elm sahəsilə üst-üstə gəlməlidir. Təəssüf ki, son zamanlar hüquq üzrə aparılan tədqiqatlarda bu qayda gözlənilmir və elmi rəhbər seçilərkən onun hansı hüquq sahəsi üzrə alimlik dərəcəsinin olmağı nəzərə alınmır.","Dissertasiya şuralarının sayları artırılmalıdır, bu sahədə olan ""monopoliyaların"" yaranmasına yol verilməməlidir"
21.03.2026 16:23:41,Universitet,Teaching Methodology,Professor ştat,18,5,Bakı,Individual,Ayda bir dəfə,Çox aydındır,Çox vacibdir,Çox vacibdir,Vacibdir,Qismən əhəmiyyətlidir,Çox vacibdir,Vacibdir,Raziyam,Qismən razıyam,Qismən razıyam,Heç razı deyiləm,Heç razı deyiləm,Raziyam,Əsasən kifayət deyil,Raziyam,Qismən razıyam,3-4 il,Qismən razıyam,Raziyam,Raziyam,Qismən razıyam,Qismən razıyam,Heç razı deyiləm,Çox hazıram,"Bəli, əsasən mən",Qismən razıyam,Raziyam,Raziyam,"Attestasiya və dissertasiya şurası prosedurları, Elmi rəhbərlik üçün institusional dəstək, Doktorantlar üçün maliyyə dəstəyi",Maliyə yardımı və əvəzində hesabat almaq,Ali attestasiya komissiyadının müsbət qərarına qədər iddiaçını dəstəkləmək hüququnun verilməsi
21.03.2026 16:51:48,Elmi-tədqiqat İnstitutu,Biology,Şöbə müdiri,35,5,Bakı,Individual,Ayda bir dəfə,Qismən aydındır,Vacibdir,Vacibdir,Vacibdir,Vacib deyil,Vacibdir,Qismən əhəmiyyətlidir,Raziyam,Qismən razıyam,Cavab verməkdə çətinlik çəkirəm,Qismən razıyam,Heç razı deyiləm,Heç razı deyiləm,Əsasən kifayət deyil,Heç razı deyiləm,Raziyam,3-4 il,Cavab verməkdə çətinlik çəkirəm,Heç razı deyiləm,Qismən razıyam,Qismən razıyam,Heç razı deyiləm,Qismən razıyam,Çox hazıram,"Bəli, əsasən mən",Heç razı deyiləm,Heç razı deyiləm,Heç razı deyiləm,"Attestasiya və dissertasiya şurası prosedurları, Tədqiqat etikası və akademik dürüstlük prosedurları, Doktorantlar üçün maliyyə dəstəyi",,Doktoranturya universitetləri əla qiymətlərlə bitirmiş öyrəciləri qəbul etmək. Çox hallarda ən zəif tələbələr qəbul edilir və onlarla ləmək çətin olur.
21.03.2026 20:20:40,Hər ikisi,Architecture,"AMEA-nın Memarlıq və İncəsənət İnstitutu ""Memarlıq abidələrinin qorunması və bərpa problemləri""-şöbəsinin müdiri-ştat, Az.MİU-yaımştat",10,5,Bakı,Individual,,Qismən aydındır,Vacibdir,Vacibdir,Çox vacibdir,Qismən əhəmiyyətlidir,Vacibdir,Qismən əhəmiyyətlidir,Qismən razıyam,Raziyam,Qismən razıyam,Qismən razıyam,Qismən razıyam,Raziyam,Qismən kifayətdir,Heç razı deyiləm,Heç razı deyiləm,4-5 il,Qismən razıyam,Heç razı deyiləm,Qismən razıyam,Heç razı deyiləm,Qismən razıyam,Qismən razıyam,Çox hazıram,,Qismən razıyam,Cavab verməkdə çətinlik çəkirəm,Cavab verməkdə çətinlik çəkirəm,"Attestasiya və dissertasiya şurası prosedurları, Elmi rəhbərlərin iş yükü və vaxt bölgüsü, Münaqişələrin həlli mexanizmləri",Doktorantların kvartalda attestasiyası,Doktorantların vaxtında tədqiqat işini təhvil vermələri üçün müəyyən tələblərin qoyulması və xarici dil imtahanlarının yüngülləşdirilməsi.
22.03.2026 7:31:57,Universitet,Agrochemistry,Kafedranın dosenti,20,1,Bakı,Individual,Həftədə bir dəfə,Qismən aydındır,Vacibdir,Qismən əhəmiyyətlidir,Qismən əhəmiyyətlidir,Az əhəmiyyətlidir,Qismən əhəmiyyətlidir,Qismən əhəmiyyətlidir,Qismən razıyam,Qismən razıyam,Qismən razıyam,Qismən razıyam,Heç razı deyiləm,Raziyam,Qismən kifayətdir,Qismən razıyam,Qismən razıyam,3-4 il,Qismən razıyam,Qismən razıyam,Qismən razıyam,Cavab verməkdə çətinlik çəkirəm,Cavab verməkdə çətinlik çəkirəm,Cavab verməkdə çətinlik çəkirəm,Çox hazıram,"Bəli, əsasən mən",Heç razı deyiləm,Heç razı deyiləm,Raziyam,"Attestasiya və dissertasiya şurası prosedurları, Qaydaların aydınlığı və sabitliyi, Elmi rəhbərlərin iş yükü və vaxt bölgüsü",İş yükü və vaxt bölgüsü,"Laboratoriya şəraitinin və Maddi texniki təminatın yaxşılaşdırılması ,beynəlxalq konfranslarda iştirak üçün ,beynəlxalq kitabxana resurslarından istifadə üçün Maddi dəstək"
22.03.2026 19:09:36,Universitet,Historiography,tam ştat müəllim,6,3,Bakı,Individual,Həftədə bir dəfə,Çox aydındır,Vacibdir,Çox vacibdir,Çox vacibdir,Vacib deyil,Vacibdir,Vacibdir,Qismən razıyam,Qismən razıyam,Qismən razıyam,Qismən razıyam,Cavab verməkdə çətinlik çəkirəm,Raziyam,Əsasən kifayət deyil,Raziyam,Raziyam,3-4 il,Qismən razıyam,Heç razı deyiləm,Raziyam,Raziyam,Heç razı deyiləm,Heç razı deyiləm,Qismən hazıram,"Xeyr, bu əsasən formal kurslar və ya digər bölmələr tərəfindən təmin olunur",Qismən razıyam,Qismən razıyam,Raziyam,"Attestasiya və dissertasiya şurası prosedurları, Elmi rəhbərlərin iş yükü və vaxt bölgüsü, Doktorantlar üçün maliyyə dəstəyi","Doktoranturanın birpilləli sistemə keçməsini istərdim. Sovet təhsil sistemindən imtina edilsə də, bu sahədə dəyişiklik yalnız ad dəyişilməsində oldu:Aspirantura doktorantura ilə əvəz olundu ",Doktoratların qısa zaman kəsiyində müdafiəsini yetərli saymıram. Bunun üçün yetkin düşüncə və mənbələrdən birbaşa istifadə vacibdir.Buna isə bu müddət yetərli deyil. 
22.03.2026 20:02:37,Universitet,Physics,Professor,43,1,Bakı,Individual,Həftədə bir dəfə,Çox aydındır,Vacibdir,Çox vacibdir,Çox vacibdir,Vacib deyil,Çox vacibdir,Çox vacibdir,Çox razıyam,Heç razı deyiləm,Qismən razıyam,Qismən razıyam,Qismən razıyam,Raziyam,Ümumilikdə kifayət deyil,Qismən razıyam,Çox razıyam,3-4 il,Cavab verməkdə çətinlik çəkirəm,Heç razı deyiləm,Heç razı deyiləm,Raziyam,Raziyam,Qismən razıyam,Çox hazıram,"Bəli, əsasən mən",Qismən razıyam,Raziyam,Heç razı deyiləm,"Attestasiya və dissertasiya şurası prosedurları, Elmi rəhbərlik üçün institusional dəstək, Tədqiqat etikası və akademik dürüstlük prosedurları, Doktorantlar üçün maliyyə dəstəyi, Rifah və psixi sağlamlıq dəstəyi, Münaqişələrin həlli mexanizmləri",h-indeksi 6-dan aşağı olan alimlər elmi rəhbər olmasın. Elmi rəhbərlərin müəssisədə kollegiysı yaradılsın və müəssisə rəhbərlərinin bilavasitə iştirakı ilə mövcud problemlərin və qabaqcıl təcrübələrin müzakirələri aparılsın. Kollegiya iclasları ildə 2 dəfədən az olmayaraq keçirilsin.,"Qeyri-profil fənnlərin doktorantlara tədrisinə yol verilməsin, ildə 2 dəfə doktorantların geniş formatlı seminarlarda çıxış etməsi tələb olunsun."
23.03.2026 14:03:21,Universitet,Philosophy and Sociology,professor,30,2,Bakı,Individual,Ayda bir dəfə,Çox aydındır,Çox vacibdir,Çox vacibdir,Çox vacibdir,Çox vacibdir,Çox vacibdir,Az əhəmiyyətlidir,Qismən razıyam,Raziyam,Raziyam,Raziyam,Raziyam,Qismən razıyam,Tam kifayətdir,Çox razıyam,Qismən razıyam,4-5 il,Raziyam,Raziyam,Raziyam,Qismən razıyam,Raziyam,Raziyam,Qismən hazıram,"Bəli, əsasən mən",Qismən razıyam,Raziyam,Cavab verməkdə çətinlik çəkirəm,"Attestasiya və dissertasiya şurası prosedurları, İnzibati səmərəlilik və müddətlər, Qaydaların aydınlığı və sabitliyi, Elmi rəhbərlərin iş yükü və vaxt bölgüsü, Doktorantura tədqiqatında süni intellektin istifadəsi və qaydaların tənzimlənməsi, Doktorantlar üçün maliyyə dəstəyi, Münaqişələrin həlli mexanizmləri",oxumaq və müdafiə etmək qaydaları,"güclü nəzarət olmalıdır, rəhbərin kompetensiyaları yüksək hazırlıqla əlaqəli olmalıdır, biganəliyə son qoyulmalıdır, elmi rəhbərin məsuliyyətini və görülən işə görə cavabdehlik mexanizmləri yaratmaq lazımdır"
23.03.2026 22:24:37,Universitet,Sociology,ştat,5,2,Bakı,Individual,Ayda bir dəfə,Qismən aydındır,Vacibdir,Çox vacibdir,Çox vacibdir,Vacib deyil,Vacibdir,Qismən əhəmiyyətlidir,Cavab verməkdə çətinlik çəkirəm,Cavab verməkdə çətinlik çəkirəm,Qismən razıyam,Cavab verməkdə çətinlik çəkirəm,Heç razı deyiləm,Raziyam,Əsasən kifayət deyil,Qismən razıyam,Raziyam,6 ildən çox,Raziyam,Raziyam,Raziyam,Çox razıyam,Cavab verməkdə çətinlik çəkirəm,Cavab verməkdə çətinlik çəkirəm,Çox hazıram,"Xeyr, bu əsasən formal kurslar və ya digər bölmələr tərəfindən təmin olunur",Heç razı deyiləm,Raziyam,Cavab verməkdə çətinlik çəkirəm,"Attestasiya və dissertasiya şurası prosedurları, Elmi rəhbərlərin iş yükü və vaxt bölgüsü, Doktorantlar üçün maliyyə dəstəyi",Maddi motivasiya,"müdafiə üçün müddətsiz vaxt verilməsi, zaman çərçivəsinə məcbur salmamaq, çünki bu yaradıcı işdir, tədqiqat işi yetişməlidir."
25.03.2026 14:35:07,Universitet,Political Science,ştat,30,2,Bakı,Individual,Ayda bir dəfə,Qismən aydındır,Vacibdir,Vacibdir,Vacibdir,Vacibdir,Vacibdir,Çox vacibdir,Raziyam,Qismən razıyam,Qismən razıyam,Raziyam,Qismən razıyam,Qismən razıyam,Qismən kifayətdir,Heç razı deyiləm,Raziyam,3-4 il,Qismən razıyam,Qismən razıyam,Cavab verməkdə çətinlik çəkirəm,Heç razı deyiləm,Cavab verməkdə çətinlik çəkirəm,Qismən razıyam,Çox hazıram,"Bəli, əsasən mən",Heç razı deyiləm,Qismən razıyam,Qismən razıyam,"Attestasiya və dissertasiya şurası prosedurları, Elmi rəhbərlərin iş yükü və vaxt bölgüsü, Elmi rəhbərlərin təlimi və peşəkar inkişafı",elmi rəhbər ilə doktorant arsında daha sıx və keyfiyyətli görüşlərin keçirilməsi,"daha çox elmi konfranslarda iştirak və akademik mənbələrin dərindən təhlili, izlənilməsi"
27.03.2026 11:38:06,Universitet,Interdisciplinary Biology–Chemistry,professor,15,,Bakı,,Həftədə bir dəfə,Qismən aydındır,Vacibdir,Çox vacibdir,Vacibdir,Az əhəmiyyətlidir,Vacibdir,Vacibdir,,Raziyam,Raziyam,Heç razı deyiləm,Qismən razıyam,Qismən razıyam,Qismən kifayətdir,Qismən razıyam,Qismən razıyam,,Qismən razıyam,Qismən razıyam,Qismən razıyam,Qismən razıyam,Cavab verməkdə çətinlik çəkirəm,Cavab verməkdə çətinlik çəkirəm,Çox hazıram,"Bəli, əsasən mən",Qismən razıyam,Heç razı deyiləm,Çox razıyam,"Attestasiya və dissertasiya şurası prosedurları, Qaydaların aydınlığı və sabitliyi, Elmi rəhbərlərin iş yükü və vaxt bölgüsü, Tədqiqat etikası və akademik dürüstlük prosedurları, Doktorantlar üçün maliyyə dəstəyi","doktorant seçimi,  saat yükü, maliyyə dəstəyi",
27.03.2026 21:30:58,Universitet,Political Science,ştat,20,3,Bakı,Individual,Həftədə bir dəfə,Çox aydındır,Vacib deyil,Vacibdir,Vacibdir,Qismən əhəmiyyətlidir,Vacibdir,Vacib deyil,Raziyam,Raziyam,Raziyam,Qismən razıyam,Qismən razıyam,Raziyam,Tam kifayətdir,Raziyam,Raziyam,3-4 il,Raziyam,Raziyam,Raziyam,Heç razı deyiləm,Qismən razıyam,Raziyam,Çox hazıram,"Bəli, əsasən mən",Qismən razıyam,Raziyam,Raziyam,"Attestasiya və dissertasiya şurası prosedurları, Elmi rəhbərlik üçün institusional dəstək, Doktorantlar üçün maliyyə dəstəyi",Elmi rəhbərliklə bağlı mövcud qaydaları normal hesab edirəm  ,"Təklif edərdim ki, doktoranturada mövcud əsasnaməyə prosedur qaydalarla bağlı dəyişikliklər edilsin. Məs. doktorant attestasiyadan keçə bilməyəndə onlara əlavə vaxt verilsin, yaxud mövcud 3-4 illik təhsil müddətində müdafiə etmələri üçün ciddi şərait yaradılsın, Müdafiə Şuralarını müəyyən təhsil müəssisələri alır və kənardan gələn doktorantları müdafiə üçün qəbul etmirlər ki, öz doktorantlarımız üçün Şura almışıq, sizi buraxa bilmərik və s. Bu qeri-qanunu hərəkətlərin qarşısı alınmalıdır. Başqa bir problemə Müdafiə Şuralarında doktorantlardan əlvə vəsait (rüşvət) tələb olunmasının qarşısı alınsa yaxşı olar. Zatən əyani doktorant aldığı təqaüdlə elmi araşdırma aparması böyük qəhrəmanlıqdır. Əlavə kimlərəsə hardan vəsait verməlidir. Həmçinin tələb olunan məqalələrin sayı azaldılması yaxşı olardı. Doktorantın tələb olunan məqalələri nəşr etdirməsi üçün külli miqdarda vəsait tələb olunur. Bunuda vermək doktorantın maddi imkanları baxımından çətinlik yaradır. "
28.03.2026 17:30:52,Universitet,"Automation, Artificial Intelligence",direktor,6,2,Bakı,Individual,Həftədə bir dəfə,Aydın deyil,Vacibdir,Vacibdir,Vacibdir,Qismən əhəmiyyətlidir,Vacibdir,Qismən əhəmiyyətlidir,Raziyam,Raziyam,Qismən razıyam,Heç razı deyiləm,Heç razı deyiləm,Qismən razıyam,Ümumilikdə kifayət deyil,,Qismən razıyam,3-4 il,Qismən razıyam,Qismən razıyam,Qismən razıyam,Raziyam,Raziyam,Qismən razıyam,Çox hazıram,"Bəli, digər şəxslərlə birlikdə (məsələn, kurslar, doktorantura məktəbi, birgə rəhbərlər)",Raziyam,Raziyam,Raziyam,"Attestasiya və dissertasiya şurası prosedurları, Elmi rəhbərlərin iş yükü və vaxt bölgüsü, Doktorantlar üçün maliyyə dəstəyi",Suallar zəif tərtib olunub. PhD akademik dərs keçmək lazimdir. 25 ildir bunu deyirlər. yerdə qalan tədbirlər 2-ci dərəcəli bir şeydir.,Yuxarida yazdım. Əməli iş görülmür. cavan müəllimlərin sayı azalır. yeni gələnlərin içindədə çox az sayda var ki işə ayarayır.
29.03.2026 12:40:38,Universitet,Economics,"Dosent, ştat",3,1,Bakı,Individual,Ayda bir dəfə,Qismən aydındır,Vacib deyil,Vacibdir,Vacibdir,Qismən əhəmiyyətlidir,Çox vacibdir,Vacibdir,Raziyam,Qismən razıyam,Raziyam,Raziyam,Cavab verməkdə çətinlik çəkirəm,Raziyam,Qismən kifayətdir,Heç razı deyiləm,Qismən razıyam,3-4 il,Qismən razıyam,Qismən razıyam,Qismən razıyam,Qismən razıyam,Qismən razıyam,Cavab verməkdə çətinlik çəkirəm,Qismən hazıram,"Bəli, əsasən mən",Qismən razıyam,Qismən razıyam,Raziyam,"Attestasiya və dissertasiya şurası prosedurları, Qaydaların aydınlığı və sabitliyi, Elmi rəhbərlərin iş yükü və vaxt bölgüsü, Doktorantura tədqiqatında süni intellektin istifadəsi və qaydaların tənzimlənməsi","Rəhbər və doktorant arasında müntəzəm, strukturlaşdırılmış və yazılı geribildirimə əsaslanan iş sistemi qurmaq lazımdır","Doktorantura sisteminin effektivliyi yalnız fərdi səylərdən deyil, institusional yanaşmadan asılıdır. Ən yaxşı nəticə üçün rəhbərlik keyfiyyəti, maliyyə dəstəyi, beynəlxalqlaşma və şəffaf qiymətləndirmə mexanizmləri paralel şəkildə inkişaf etdirilməlidir."
30.03.2026 19:55:07,Elmi-tədqiqat İnstitutu,Economics,Tamştat,25,4,Bakı,Individual,Ayda bir dəfə,Qismən aydındır,Qismən əhəmiyyətlidir,Çox vacibdir,Çox vacibdir,Qismən əhəmiyyətlidir,Vacibdir,Vacib deyil,Qismən razıyam,Raziyam,Raziyam,Raziyam,Cavab verməkdə çətinlik çəkirəm,Raziyam,Qismən kifayətdir,Qismən razıyam,Qismən razıyam,3-4 il,Qismən razıyam,Raziyam,Raziyam,Heç razı deyiləm,Raziyam,Qismən razıyam,Qismən hazıram,"Bəli, digər şəxslərlə birlikdə (məsələn, kurslar, doktorantura məktəbi, birgə rəhbərlər)",Raziyam,Raziyam,Raziyam,"Elmi rəhbərlərin iş yükü və vaxt bölgüsü, Tədqiqat etikası və akademik dürüstlük prosedurları, Doktorantura tədqiqatında süni intellektin istifadəsi və qaydaların tənzimlənməsi",Maliyyələşdirmə və sərbəstlik,1. Elmi rəhbərlərin maliyyələşməsini doktorantların özlərinin öz üzərinə götürməsi. təşkilatlat vasitəsi ilə edilməməsi. 2. qəbul tamamilə DİM-in tabeliyinə verilsin. 
02.04.2026 9:46:30,Universitet,"Transport Operation; Machines, Equipment and Processes","Texnika elmləri doktoru, professor - tam ştat",16,2,Bakı,Individual,Həftədə bir dəfə,Çox aydındır,Vacibdir,Çox vacibdir,Çox vacibdir,Az əhəmiyyətlidir,Vacibdir,Çox vacibdir,Çox razıyam,Qismən razıyam,Heç razı deyiləm,Heç razı deyiləm,Qismən razıyam,Raziyam,Tam kifayətdir,Raziyam,Qismən razıyam,3-4 il,Raziyam,Raziyam,Raziyam,Heç razı deyiləm,Qismən razıyam,Heç razı deyiləm,Çox hazıram,"Bəli, əsasən mən",Heç razı deyiləm,Heç razı deyiləm,Raziyam,"Attestasiya və dissertasiya şurası prosedurları, Qaydaların aydınlığı və sabitliyi, Rifah və psixi sağlamlıq dəstəyi","Dissertasiya mövzusunun aktuallığı, lakin dissertasiya tamamında aktuallıq dəyişmədən mövzunun korrektə olunması hüququ. Müdafiyə şürasının mövcudluğu, əks təqdirdə birdəfəlik şuranın yaradılmasının mövcud şüralara həvalə məcburiliyi. Qəbul imtahanlarının, müdafiyə şuralarının, seminarların ödənişlı əsaslarla təmini. Doktoronturaya qəbula qədər elmi rəhbərin müəyyənləşdirilməsi və mövzunun formalaşdırılması. Doktarantın passivliyi əsasında, və ya dövrü hesbat təqdim olunmadıqda təhsilin dayandırılması.  ","Doktorantura istiqaməti təhsili və ya şifri hazırki iş fəaliyyəti ilə tam uyğun olması əsasdır. Hansı istiqamətdə təhsil alıb və ya real işləyirsə sırf o istiqamətdə də disertasiya yazılmalı və müdafiyəyə buraxljmalıdır. Məsələn Gəmi sürücülüyü ixtisasını bitirib, gəmi kapitanı işləyib, naviqasiyadan dərs deyərək ""Dirsəkli valın qaynaq üsulu ilə bərpası"" və ya ""Plunjerin paslanması məsələləri"" - gəmi mexanikası ixtisası adlandırılaraq müdafiyəsi gülüncdür və yol verilməzdir.  "
02.04.2026 17:50:17,Universitet,Pedagogy (Teaching Methodology),Ştat ,5,2,Bakı,Individual,3 ayda bir dəfə,Qismən aydındır,Qismən əhəmiyyətlidir,Vacibdir,Vacibdir,Qismən əhəmiyyətlidir,Çox vacibdir,Qismən əhəmiyyətlidir,Qismən razıyam,Raziyam,Cavab verməkdə çətinlik çəkirəm,Qismən razıyam,Qismən razıyam,Cavab verməkdə çətinlik çəkirəm,Qismən kifayətdir,Qismən razıyam,Heç razı deyiləm,4-5 il,Cavab verməkdə çətinlik çəkirəm,Cavab verməkdə çətinlik çəkirəm,Qismən razıyam,Cavab verməkdə çətinlik çəkirəm,Qismən razıyam,Qismən razıyam,Cavab verməkdə çətinlik çəkirəm,"Bəli, əsasən mən",Qismən razıyam,Cavab verməkdə çətinlik çəkirəm,Qismən razıyam,"Attestasiya və dissertasiya şurası prosedurları, Elmi rəhbərlik üçün institusional dəstək, Doktorantlar üçün maliyyə dəstəyi",Maliyyə ,Rəhbərin məvacib məsələsinin stimullaşdırılması 
02.04.2026 17:55:48,Universitet,Finance and Artificial Intelligence,professor,35,5,Bakı,Individual,Həftədə bir dəfə,Qismən aydındır,Vacibdir,Çox vacibdir,Vacibdir,Vacibdir,Çox vacibdir,Vacibdir,Cavab verməkdə çətinlik çəkirəm,Heç razı deyiləm,Heç razı deyiləm,Heç razı deyiləm,Qismən razıyam,Qismən razıyam,Ümumilikdə kifayət deyil,Qismən razıyam,Cavab verməkdə çətinlik çəkirəm,3-4 il,Raziyam,Raziyam,Cavab verməkdə çətinlik çəkirəm,Qismən razıyam,Qismən razıyam,Raziyam,Cavab verməkdə çətinlik çəkirəm,"Bəli, digər şəxslərlə birlikdə (məsələn, kurslar, doktorantura məktəbi, birgə rəhbərlər)",Çox razıyam,Çox razıyam,Raziyam,"Attestasiya və dissertasiya şurası prosedurları, Qaydaların aydınlığı və sabitliyi, Elmi rəhbərlərin iş yükü və vaxt bölgüsü, Elmi rəhbərlik üçün institusional dəstək, Tədqiqat etikası və akademik dürüstlük prosedurları, Münaqişələrin həlli mexanizmləri","AAK ləğv olunmalı.  Qərb universitetində olduğu kimi hüquq  Universitetə verilməli, Publikasiya tələbi aradan qaldırılmalı.","Doktorantura təhsili başı üstdən ayağı üstə qoyulmalı, yəni tam yenilənməlidir. Qərb universiteti təcrübəsinə uyğun qurulmalıdır. "
02.04.2026 17:56:19,Universitet,Biology,Professor,4,2,Abşeron - Xızı,Individual,Ayda bir dəfə,Çox aydındır,Vacibdir,Çox vacibdir,Çox vacibdir,Vacibdir,Çox vacibdir,Vacibdir,Raziyam,Raziyam,Raziyam,Raziyam,Heç razı deyiləm,Raziyam,Qismən kifayətdir,Qismən razıyam,Qismən razıyam,3-4 il,Raziyam,Qismən razıyam,Qismən razıyam,Qismən razıyam,Heç razı deyiləm,Qismən razıyam,Qismən hazıram,"Bəli, digər şəxslərlə birlikdə (məsələn, kurslar, doktorantura məktəbi, birgə rəhbərlər)",Heç razı deyiləm,Qismən razıyam,Qismən razıyam,"Attestasiya və dissertasiya şurası prosedurları, Elmi rəhbərlərin təlimi və peşəkar inkişafı, Doktorantlar üçün maliyyə dəstəyi",Bu istiqamətdə yenilikləri öyrədici treninqlər,Ən azı ilk mərhələlərdə bu sahəyə investisiya qoyuluşu artırılmalıdır
02.04.2026 19:18:23,Universitet,General Economics,Professor ştat,9,5,Abşeron - Xızı,Individual,Ayda bir dəfə,Çox aydındır,Vacibdir,Vacibdir,Vacibdir,Vacibdir,Vacibdir,Qismən əhəmiyyətlidir,Qismən razıyam,Cavab verməkdə çətinlik çəkirəm,Cavab verməkdə çətinlik çəkirəm,Qismən razıyam,Cavab verməkdə çətinlik çəkirəm,Qismən razıyam,Qismən kifayətdir,Qismən razıyam,Qismən razıyam,4-5 il,Qismən razıyam,Qismən razıyam,Qismən razıyam,Qismən razıyam,Cavab verməkdə çətinlik çəkirəm,Cavab verməkdə çətinlik çəkirəm,Çox hazıram,"Bəli, digər şəxslərlə birlikdə (məsələn, kurslar, doktorantura məktəbi, birgə rəhbərlər)",Qismən razıyam,Qismən razıyam,Cavab verməkdə çətinlik çəkirəm,"Elmi rəhbərlərin iş yükü və vaxt bölgüsü, Elmi rəhbərlik üçün institusional dəstək, Doktorantlar üçün maliyyə dəstəyi","Elmi rəhbərlik statusunun gücləndirilməsi və ödənişinin adekvatlığı, layiqli ödəniş mexanizminin tətbiqi","Doktorantura şöbələrinə rəhbərlərin təyinatında peşəkarlığın nəzərə alınması, İllik attestasiyaların elmi seminar formasında keçirilməsi; doktorantlar üçün məqsədli təlimlərin keçirilməsi və s."
02.04.2026 20:12:35,Hazırda işləmirəm,"Geography, Demography, Urban and Regional Geography",müstəqil ekspert,25,,Bakı,Individual,Ayda bir dəfə,Çox aydındır,Çox vacibdir,Çox vacibdir,Çox vacibdir,Vacibdir,Vacibdir,Vacibdir,Raziyam,Qismən razıyam,Raziyam,Qismən razıyam,Heç razı deyiləm,Qismən razıyam,Tam kifayətdir,Raziyam,Raziyam,4-5 il,Raziyam,Raziyam,Raziyam,Raziyam,Heç razı deyiləm,Heç razı deyiləm,Çox hazıram,"Bəli, əsasən mən",Heç razı deyiləm,Qismən razıyam,Qismən razıyam,"Attestasiya və dissertasiya şurası prosedurları, Elmi rəhbərlik üçün institusional dəstək, Doktorantlar üçün maliyyə dəstəyi","Elmi rəhbərlərin məsuliyyət daşıması, onlara maliyyə dəstəyininin və məsuliyyətinin artırılması",Doktorantlar sırasına elmi cəhətdən yetkin və hazırlıqlı namizədlərin seçilməsi vacibdir
02.04.2026 20:39:08,Universitet,"Pedagogy, Social Philosophy","ştat, professor əvəzi",,2,Bakı,Individual,Həftədə bir dəfə,Qismən aydındır,Az əhəmiyyətlidir,Vacibdir,Vacibdir,Vacib deyil,Vacibdir,Vacibdir,Raziyam,Qismən razıyam,Qismən razıyam,Qismən razıyam,Cavab verməkdə çətinlik çəkirəm,Raziyam,Qismən kifayətdir,Qismən razıyam,Raziyam,3-4 il,Raziyam,Raziyam,Raziyam,Qismən razıyam,Qismən razıyam,Qismən razıyam,Cavab verməkdə çətinlik çəkirəm,"Bəli, digər şəxslərlə birlikdə (məsələn, kurslar, doktorantura məktəbi, birgə rəhbərlər)",Raziyam,Raziyam,Qismən razıyam,"Elmi rəhbərlərin iş yükü və vaxt bölgüsü, Elmi rəhbərlərin təlimi və peşəkar inkişafı, Doktorantlar üçün maliyyə dəstəyi",,
02.04.2026 21:37:17,Universitet,Economics,dosent tam ştat,5,4,Bakı,Individual,Ayda bir dəfə,Çox aydındır,Çox vacibdir,Vacibdir,Çox vacibdir,Vacibdir,Vacibdir,Vacib deyil,Raziyam,Qismən razıyam,Qismən razıyam,Raziyam,Qismən razıyam,Cavab verməkdə çətinlik çəkirəm,Əsasən kifayət deyil,Qismən razıyam,Qismən razıyam,3-4 il,Qismən razıyam,Qismən razıyam,Qismən razıyam,Heç razı deyiləm,Qismən razıyam,Heç razı deyiləm,Çox hazıram,"Bəli, əsasən mən",Qismən razıyam,Raziyam,Heç razı deyiləm,"Attestasiya və dissertasiya şurası prosedurları, Doktorantura tədqiqatında süni intellektin istifadəsi və qaydaların tənzimlənməsi, Rifah və psixi sağlamlıq dəstəyi","Elmi rəhbərlərin  elmi adlarına görə deyil, elmi-pedaqoji fəaliyyətinə görə seçilməsi ", Doktorantların ildə 2 dəfədən az olmayaraq təlimlərə cəlb olunması və hesabat verməsi 
02.04.2026 22:10:31,Universitet,Institutional Approach to Economic Growth,ştat,3,2,Bakı,Individual,Həftədə bir dəfə,Qismən aydındır,Çox vacibdir,Çox vacibdir,Vacibdir,Vacibdir,Çox vacibdir,Çox vacibdir,Heç razı deyiləm,Heç razı deyiləm,Heç razı deyiləm,Qismən razıyam,Heç razı deyiləm,Qismən razıyam,Ümumilikdə kifayət deyil,Raziyam,Cavab verməkdə çətinlik çəkirəm,4-5 il,Cavab verməkdə çətinlik çəkirəm,Raziyam,Raziyam,Raziyam,Heç razı deyiləm,Heç razı deyiləm,Cavab verməkdə çətinlik çəkirəm,"Bəli, əsasən mən",Çox razıyam,Çox razıyam,Heç razı deyiləm,"Attestasiya və dissertasiya şurası prosedurları, Qaydaların aydınlığı və sabitliyi, Elmi rəhbərlik üçün institusional dəstək",Universitet rektorlarinin semeresiz kadrilar ve yaxinlarindan ibaret cercivede fealiyet gostermesi ,KADR onemli faktordur gerisi duzelebilecekdir real savadli kadrilarin bilik ve tecrubesi ile
02.04.2026 22:12:01,Hər ikisi,History,"Ştat- elmi katib, saathesabı-müəllim",3,2,Bakı,Individual,Ayda bir dəfə,Qismən aydındır,Vacib deyil,Çox vacibdir,Çox vacibdir,Vacib deyil,Vacibdir,Vacibdir,Qismən razıyam,Cavab verməkdə çətinlik çəkirəm,Heç razı deyiləm,Heç razı deyiləm,Heç razı deyiləm,Heç razı deyiləm,Əsasən kifayət deyil,Heç razı deyiləm,Qismən razıyam,5-6 il,Heç razı deyiləm,Qismən razıyam,Qismən razıyam,Raziyam,Heç razı deyiləm,Cavab verməkdə çətinlik çəkirəm,Çox hazıram,"Bəli, əsasən mən",Qismən razıyam,Raziyam,Heç razı deyiləm,"Attestasiya və dissertasiya şurası prosedurları, İnzibati səmərəlilik və müddətlər, Qaydaların aydınlığı və sabitliyi, Elmi rəhbərlərin iş yükü və vaxt bölgüsü, Elmi rəhbərlik üçün institusional dəstək, Tədqiqat etikası və akademik dürüstlük prosedurları, Doktorantlar üçün maliyyə dəstəyi",İş yükünün düzgün müəyyən olunması və rəhbərlik üçün ayrılan vəsaitin doğru müəyyənləşdirilməsi,"Ümumiyyətlə beynəlxalq sistem əsas alınmalı, birpilləli müdafiə sisteminə keçilməli, doktorantura təhsilinin müddəti artırılmalı, minimum 4 il olmalıdır."
02.04.2026 23:16:22,Universitet,Economic Theory,"Ştat, Dosent",3,1,Bakı,Individual,Həftədə bir dəfə,Çox aydındır,Vacibdir,Vacibdir,Çox vacibdir,Qismən əhəmiyyətlidir,Vacibdir,Vacibdir,Raziyam,Heç razı deyiləm,Raziyam,Raziyam,Qismən razıyam,Qismən razıyam,Qismən kifayətdir,Qismən razıyam,Cavab verməkdə çətinlik çəkirəm,3-4 il,Cavab verməkdə çətinlik çəkirəm,Qismən razıyam,Qismən razıyam,Raziyam,Qismən razıyam,Qismən razıyam,Çox hazıram,"Bəli, digər şəxslərlə birlikdə (məsələn, kurslar, doktorantura məktəbi, birgə rəhbərlər)",Raziyam,Çox razıyam,Raziyam,"Qaydaların aydınlığı və sabitliyi, Doktorantlar üçün maliyyə dəstəyi, Qeyri-akademik karyeraya hazırlıq, Münaqişələrin həlli mexanizmləri",,
03.04.2026 8:40:51,Elmi-tədqiqat İnstitutu,Molecular Biology,Direktor,20,5,Bakı,Individual,Həftədə bir dəfə,Çox aydındır,Vacibdir,Vacibdir,Çox vacibdir,Vacib deyil,Çox vacibdir,Vacib deyil,Raziyam,Raziyam,Heç razı deyiləm,Cavab verməkdə çətinlik çəkirəm,Raziyam,Raziyam,Qismən kifayətdir,Raziyam,Qismən razıyam,4-5 il,Qismən razıyam,Heç razı deyiləm,Heç razı deyiləm,Heç razı deyiləm,Cavab verməkdə çətinlik çəkirəm,Cavab verməkdə çətinlik çəkirəm,Çox hazıram,"Bəli, əsasən mən",Qismən razıyam,Qismən razıyam,Cavab verməkdə çətinlik çəkirəm,"İnzibati səmərəlilik və müddətlər, Elmi rəhbərlərin iş yükü və vaxt bölgüsü, Doktorantlar üçün maliyyə dəstəyi",Doktorantlar üçün maliyyə dəstəyi,
03.04.2026 9:27:29,Universitet,Marketing,tam,4,2,Bakı,Individual,Ayda bir dəfə,Qismən aydındır,Vacib deyil,Çox vacibdir,Çox vacibdir,Qismən əhəmiyyətlidir,Vacibdir,Vacibdir,Heç razı deyiləm,Heç razı deyiləm,Qismən razıyam,Heç razı deyiləm,Qismən razıyam,Qismən razıyam,Qismən kifayətdir,Qismən razıyam,Çox razıyam,3-4 il,Qismən razıyam,Heç razı deyiləm,Cavab verməkdə çətinlik çəkirəm,Raziyam,Raziyam,Heç razı deyiləm,Çox hazıram,"Bəli, digər şəxslərlə birlikdə (məsələn, kurslar, doktorantura məktəbi, birgə rəhbərlər)",Raziyam,Raziyam,Heç razı deyiləm,"Attestasiya və dissertasiya şurası prosedurları, Tədqiqat etikası və akademik dürüstlük prosedurları, Doktorantura tədqiqatında süni intellektin istifadəsi və qaydaların tənzimlənməsi",Doktorantura elmi rəhbərliyi aktiv yük kimi nəzərdə tutulmalıdır. Doktorantların təyini ixtisasa uyğun şəkildə həyata keçirilməlidir.,"Doktoranturada inzibati qaydalar işin keyfiyyətinə, aktuallığına və zamanında yerinə yetirilməsinə mane olur. Dünya təcrübəsində doktorantlara tədqiqat mövzuları universitet daxilində (institutlarda) verilir. Mövzunun təsdiqi, elmi rəhbərin təyini, semestr üzrə hesabatların təqdimatı və s. hamısı bir universitet tərkibində həyata keçirilir. Mövzunun təsdiqi üçün bir quruma, müdafiə üçün də başqa bir quruma ehtiyac duyulmur. 
Hal hazırda doktorantura təhsili seçənlərin əksəriyyəti həqiqi hərbi xidmətdən yayınmaq üçün verilir. Doktorant seçərkən daha həssas yanaşma tətbiq edilməsini təklif edirəm"
03.04.2026 9:41:20,Elmi-tədqiqat İnstitutu,Biotechnology,Biotexnologiya və Biomühəndislik laboratoriyasının müdiri,7,4,Bakı,Individual,Həftədə bir dəfə,Çox aydındır,Vacibdir,Çox vacibdir,Çox vacibdir,Çox vacibdir,Çox vacibdir,Çox vacibdir,Raziyam,Heç razı deyiləm,Raziyam,Raziyam,Qismən razıyam,Raziyam,Qismən kifayətdir,Raziyam,Çox razıyam,4-5 il,Raziyam,Raziyam,Çox razıyam,Raziyam,Heç razı deyiləm,Cavab verməkdə çətinlik çəkirəm,Çox hazıram,"Bəli, digər şəxslərlə birlikdə (məsələn, kurslar, doktorantura məktəbi, birgə rəhbərlər)",Qismən razıyam,Cavab verməkdə çətinlik çəkirəm,Cavab verməkdə çətinlik çəkirəm,"Elmi rəhbərlik üçün institusional dəstək, Elmi rəhbərlərin təlimi və peşəkar inkişafı, Doktorantlar üçün maliyyə dəstəyi",İnstusional dəstək və  maliyyə dəstəyi ,Doktorantların daha yaxşı işləməsi və tədqiqatlarını tamamlaması üçün maddi texniki bazanın inkişaf etdirilməsi vacibdir.
03.04.2026 9:53:17,Universitet,Teaching Methodology (Mathematics and Informatics Education),Tam ştat,18,5,Bakı,,Ayda bir dəfə,Qismən aydındır,Qismən əhəmiyyətlidir,Çox vacibdir,Vacibdir,Vacib deyil,Vacibdir,Vacibdir,Raziyam,Cavab verməkdə çətinlik çəkirəm,Qismən razıyam,Heç razı deyiləm,Qismən razıyam,Qismən razıyam,Əsasən kifayət deyil,Qismən razıyam,Raziyam,3 ildən az,Cavab verməkdə çətinlik çəkirəm,Cavab verməkdə çətinlik çəkirəm,Qismən razıyam,Raziyam,Qismən razıyam,Raziyam,Çox hazıram,"Bəli, əsasən mən",Qismən razıyam,Qismən razıyam,Raziyam,"Doktorantlar üçün maliyyə dəstəyi, Rifah və psixi sağlamlıq dəstəyi, Münaqişələrin həlli mexanizmləri",Əmək haqqını və məsuliyyəti artırmaq.,"Dissertasiya şuralarının vaxtında iddiaçının işinə baxılmasını təmin etmək və AAK-da vaxtında , ədalətli qərar vermək."
03.04.2026 10:51:34,Universitet,Solid State Physics,dosent,5,2,Bakı,Individual,Ayda bir dəfə,Çox aydındır,Vacibdir,Vacibdir,Çox vacibdir,Qismən əhəmiyyətlidir,Vacibdir,Vacibdir,Qismən razıyam,Qismən razıyam,Qismən razıyam,Qismən razıyam,Heç razı deyiləm,Qismən razıyam,Əsasən kifayət deyil,Qismən razıyam,Qismən razıyam,4-5 il,Qismən razıyam,Cavab verməkdə çətinlik çəkirəm,Qismən razıyam,Raziyam,Heç razı deyiləm,Qismən razıyam,Çox hazıram,"Bəli, digər şəxslərlə birlikdə (məsələn, kurslar, doktorantura məktəbi, birgə rəhbərlər)",Qismən razıyam,Raziyam,Raziyam,"Elmi rəhbərlik üçün institusional dəstək, Tədqiqat etikası və akademik dürüstlük prosedurları, Doktorantlar üçün maliyyə dəstəyi","Elmi rəhbərliik fərdi ustalıqdan, “təsadüfi görüşlər”dən çıxıb sistemli prosesə çevrilməlidir. ","1.Elmi rəhbərlik keyfiyyətinin qiymətləndirilməsi sistemi qurulsun (doktorantların anonim rəyi və nəticələr əsasında rəhbərlər mütəmadi dəyərləndirilsin).
2.Hər doktoranta ən azı iki elmi rəhbər təyin olunsun (biri sahə üzrə, digəri metodologiya/analitika üzrə).
3.Beynəlxalq əməkdaşlıq və qısa müddətli xarici tədqiqat imkanları genişləndirilsin (ən azı 3–6 aylıq elmi səfərlər təşviq edilsin)"
03.04.2026 11:28:58,Universitet,World Economy,0.5 ştat müəllim,8,2,Bakı,Individual,Ayda bir dəfə,Çox aydındır,Qismən əhəmiyyətlidir,Vacibdir,Çox vacibdir,Vacibdir,Vacibdir,Vacib deyil,Raziyam,Qismən razıyam,Raziyam,Qismən razıyam,Qismən razıyam,Qismən razıyam,Qismən kifayətdir,Qismən razıyam,Cavab verməkdə çətinlik çəkirəm,3-4 il,Qismən razıyam,Cavab verməkdə çətinlik çəkirəm,Qismən razıyam,Cavab verməkdə çətinlik çəkirəm,Qismən razıyam,Qismən razıyam,Qismən hazıram,"Bəli, digər şəxslərlə birlikdə (məsələn, kurslar, doktorantura məktəbi, birgə rəhbərlər)",Qismən razıyam,Raziyam,Qismən razıyam,"Attestasiya və dissertasiya şurası prosedurları, Qaydaların aydınlığı və sabitliyi, Elmi rəhbərlik üçün institusional dəstək, Elmi rəhbərlərin təlimi və peşəkar inkişafı, Doktorantura tədqiqatında süni intellektin istifadəsi və qaydaların tənzimlənməsi",,
03.04.2026 11:46:35,Universitet,Economics,Dosent,5,2,Bakı,Individual,Həftədə bir dəfə,Çox aydındır,Vacibdir,Çox vacibdir,Çox vacibdir,Vacibdir,Çox vacibdir,Vacibdir,Raziyam,Raziyam,Raziyam,Heç razı deyiləm,Heç razı deyiləm,Raziyam,Ümumilikdə kifayət deyil,Heç razı deyiləm,Cavab verməkdə çətinlik çəkirəm,4-5 il,Qismən razıyam,Cavab verməkdə çətinlik çəkirəm,Qismən razıyam,Qismən razıyam,Heç razı deyiləm,Raziyam,Çox hazıram,"Bəli, əsasən mən",Qismən razıyam,Raziyam,Cavab verməkdə çətinlik çəkirəm,"Attestasiya və dissertasiya şurası prosedurları, Elmi rəhbərlərin təlimi və peşəkar inkişafı, Rifah və psixi sağlamlıq dəstəyi","Elmi rəhbər nəzəri və metodoloji biliklərlə yanaşı dövlət qurumlarının və özəl sektorun real praktiki problemlərindən də xəbərdar olmalıdır. Bunun üçün isə dövlət-elm-özəl sektor arasında iş birliyi mövcud olmalıdır. Hazırda belə əlaqələr demək olar ki, yoxdur. Nəticədə real problemlərdən uzaq düşən akademik heyətin elmi təsəvvürləri ilə iqtisadi mühitin dəyişmə sürəti arasında çöx böyük boşluq formalaşır. İqtisadiyyatın dövlət və özəl sektorlarında elmi tədqiqatlara tələbatın formalaşmasında da ciddi problemlər mövcuddur. Beləliklə, biz elmin inkişafdan geri qalmasının qapalı dairəsində fəaliyyət göstərmək məcburiyyətində qalırıq.  Qeyd edilənləri nəzərə alaraq elmi rəhbərlərin təyini zamanı aşağıdakı məsələlərin nəzərə alınması faydalı ola bilər:

Elmi rəhbərlərə tələblərin müəyyən edilməsi (elm sahəsinin və elmin tətbiqi sahələrinin spesifikliyi nəzərə alınmaqla) 
Elmi rəhbərlərin doktorantın elmi nəticələrinə görə məsuliyyətinin dəqiq müəyyən edilməsi
","Doktorantura təhsilini tənzimləyən normativ-hüquqi sənədlərin müasir dövrün reallıqlarına uyğunlaşdırılmasına, qəbul prosesi, tədris, müdafiə və yekun attestasiya proseslərinin  mütərəqqi beynəlxaql təcrübəyə uyğunlaşdırılmasına çox ciddi zərurət var. 

Müdafiə proseslərinin inzibati yükünün minimuma endirilməsi və işlərin elmi keyfiyyətinə fokuslanmanın təmin edilməsi ən zəruri məsələlərdəndir.  

Doktorantura təhsilinin yalnız müvafiq akkreditasiyadan keçmiş ali təhsil və elm müəssisələrində təşkili və belə müəssisələrin akkreditasiya mexanizmlərinin hazırlanması 

Doktoranturada qiyabi və əyani təhsilalma formalarının aradan qaldırılması, vahid tədris mühitinin tətbiqi (hazırki qaydalarda qiyabi və əyani təhsilin məzmunu və forması arasında  heç bir fərq olmadığı halda (təhsil müddəti istisna olmaqla) onlar fərqləndirilir) 

Təhsilin bütün mərhələlərində şəffaflığın təmin edilməsi, müdafiə edilmiş dissertasiyaların açıq rəqəmsal kitabxanalarının yaradılması

Bütün doktorantlara ixtisaslarına birbaşa uyğun gələn təşkilatlarda işləyə bilmələri üçün hüquqi baryerlərin aradan qaldırılması (gənc tədqiqatçılara həm əldə etdikləri biliklərin  real problemlərin həllində faydalarını görməsi, həm biliklərin bacarıq və qabiliyyətlərə çevrilməsi, həm də sosial rifahlarının yaxşılaşması üçün çox vacibdir. Dövlət-elm-özəl sektor arasında əlaqələrin yoxluğu fonunda doktorantların ixtisas üzrə əmək fəaliyyəti bəlkə də yeganə körpüdür)  "
03.04.2026 11:49:34,Universitet,Pedagogy,ştat,15,2,Bakı,Individual,Həftədə bir dəfə,Çox aydındır,Vacibdir,Çox vacibdir,Çox vacibdir,Qismən əhəmiyyətlidir,Çox vacibdir,Vacib deyil,Çox razıyam,Raziyam,Raziyam,Raziyam,Qismən razıyam,Raziyam,Qismən kifayətdir,Qismən razıyam,Heç razı deyiləm,4-5 il,Heç razı deyiləm,Raziyam,Raziyam,Heç razı deyiləm,Heç razı deyiləm,Heç razı deyiləm,Çox hazıram,"Bəli, digər şəxslərlə birlikdə (məsələn, kurslar, doktorantura məktəbi, birgə rəhbərlər)",Heç razı deyiləm,Raziyam,Çox razıyam,"Attestasiya və dissertasiya şurası prosedurları, Elmi rəhbərlərin iş yükü və vaxt bölgüsü, Tədqiqat etikası və akademik dürüstlük prosedurları","Doktorantların elmi rəhbərlərin seminarlarında iştiraka cəlb edilməsi.
","Doktorantuada təhsil alanlarla əyani surətdə bir neçə vacib fənlərin, xüsusilə ixtisas və xarici dil fənləri üzrə müəyyən həcmdə məşğələlərin aparılması"
03.04.2026 13:54:13,Elmi-tədqiqat İnstitutu,Medical Geography,şöbə müdiri,10,5,Bakı,Individual,Həftədə bir dəfə,Çox aydındır,Çox vacibdir,Çox vacibdir,Çox vacibdir,Çox vacibdir,Çox vacibdir,Çox vacibdir,Çox razıyam,Çox razıyam,Çox razıyam,Çox razıyam,Çox razıyam,Çox razıyam,Tam kifayətdir,Çox razıyam,Heç razı deyiləm,3-4 il,Qismən razıyam,Qismən razıyam,Heç razı deyiləm,Heç razı deyiləm,Raziyam,Çox razıyam,Çox hazıram,"Bəli, əsasən mən",Heç razı deyiləm,Heç razı deyiləm,Heç razı deyiləm,"Attestasiya və dissertasiya şurası prosedurları, Qaydaların aydınlığı və sabitliyi, Doktorantlar üçün maliyyə dəstəyi","Dəqiqlik, dürüstlük, dəstəy olmaq, düzgün istiqamət göstərmək",Elmin keyfiyyətini yüksəltmək istiqamətində işlərin aparılması
03.04.2026 13:58:32,Universitet,Humanities,professor,2,1,Bakı,Individual,Ayda bir dəfə,Çox aydındır,Qismən əhəmiyyətlidir,Vacibdir,Çox vacibdir,Vacibdir,Çox vacibdir,Vacibdir,Raziyam,Raziyam,Raziyam,Raziyam,Raziyam,Raziyam,Qismən kifayətdir,Qismən razıyam,Qismən razıyam,3-4 il,Raziyam,Cavab verməkdə çətinlik çəkirəm,Qismən razıyam,Cavab verməkdə çətinlik çəkirəm,Heç razı deyiləm,Cavab verməkdə çətinlik çəkirəm,Çox hazıram,"Bəli, əsasən mən",Qismən razıyam,Qismən razıyam,Qismən razıyam,"Attestasiya və dissertasiya şurası prosedurları, Elmi rəhbərlərin iş yükü və vaxt bölgüsü, Doktorantlar üçün maliyyə dəstəyi",elmi yeniliklər,müasir yeniliklər
03.04.2026 14:24:23,Universitet,Microbiology,Professor,10,2,Bakı,Individual,3 ayda bir dəfə,Qismən aydındır,Vacibdir,Vacibdir,Vacibdir,Vacibdir,Çox vacibdir,Vacibdir,Cavab verməkdə çətinlik çəkirəm,Qismən razıyam,Qismən razıyam,Qismən razıyam,Heç razı deyiləm,Raziyam,Qismən kifayətdir,Cavab verməkdə çətinlik çəkirəm,Qismən razıyam,3-4 il,Qismən razıyam,Raziyam,Raziyam,Qismən razıyam,Heç razı deyiləm,Heç razı deyiləm,Çox hazıram,"Bəli, əsasən mən",Qismən razıyam,Heç razı deyiləm,Cavab verməkdə çətinlik çəkirəm,"Qaydaların aydınlığı və sabitliyi, Elmi rəhbərlərin iş yükü və vaxt bölgüsü, Doktorantlar üçün maliyyə dəstəyi",Maddi və təhcizat dəstəyiGeniş laborator," Geniş laborator imkan, maddi dəstək , həm rəhbərlərə , həmdə doktorantlara, elmi işcilərə hörmət və doktoranturadan sonra , layıglı, ixtisasa uygun, iş yerləri"
03.04.2026 14:30:54,Universitet,Finance,dosent,6,3,Bakı,Individual,Ayda bir dəfə,Çox aydındır,Qismən əhəmiyyətlidir,Vacibdir,Vacibdir,Qismən əhəmiyyətlidir,Çox vacibdir,Vacibdir,Qismən razıyam,Raziyam,Raziyam,Cavab verməkdə çətinlik çəkirəm,Cavab verməkdə çətinlik çəkirəm,Qismən razıyam,Qismən kifayətdir,Qismən razıyam,Qismən razıyam,3-4 il,Qismən razıyam,Heç razı deyiləm,Raziyam,Raziyam,Qismən razıyam,Qismən razıyam,Cavab verməkdə çətinlik çəkirəm,"Xeyr, bu əsasən formal kurslar və ya digər bölmələr tərəfindən təmin olunur",Qismən razıyam,Cavab verməkdə çətinlik çəkirəm,Heç razı deyiləm,"Elmi rəhbərlərin iş yükü və vaxt bölgüsü, Doktorantura tədqiqatında süni intellektin istifadəsi və qaydaların tənzimlənməsi, Doktorantlar üçün maliyyə dəstəyi",,
03.04.2026 14:37:36,Hər ikisi,Soil Science and Agrochemistry,aparici elmi işçi,10,5,Bakı,Joint ,Həftədə bir dəfə,Çox aydındır,Qismən əhəmiyyətlidir,Qismən əhəmiyyətlidir,Vacibdir,Vacibdir,Vacibdir,Vacibdir,Raziyam,Cavab verməkdə çətinlik çəkirəm,Raziyam,Raziyam,Qismən razıyam,Qismən razıyam,Əsasən kifayət deyil,Raziyam,Raziyam,3-4 il,Qismən razıyam,Cavab verməkdə çətinlik çəkirəm,Raziyam,Cavab verməkdə çətinlik çəkirəm,Qismən razıyam,Qismən razıyam,Çox hazıram,"Xeyr, bu əsasən formal kurslar və ya digər bölmələr tərəfindən təmin olunur",Cavab verməkdə çətinlik çəkirəm,Cavab verməkdə çətinlik çəkirəm,Cavab verməkdə çətinlik çəkirəm,Attestasiya və dissertasiya şurası prosedurları,00,00
04.04.2026 18:39:55,Universitet,Economics,"Professor, Ştat",5,1,Bakı,Individual,Həftədə bir dəfə,Çox aydındır,Çox vacibdir,Çox vacibdir,Çox vacibdir,Çox vacibdir,Çox vacibdir,Vacibdir,Raziyam,Çox razıyam,Raziyam,Raziyam,Raziyam,Raziyam,Ümumilikdə kifayət deyil,Raziyam,Raziyam,3-4 il,Raziyam,Raziyam,Raziyam,Qismən razıyam,Raziyam,Raziyam,Çox hazıram,"Xeyr, bu əsasən formal kurslar və ya digər bölmələr tərəfindən təmin olunur",Qismən razıyam,Qismən razıyam,Raziyam,"Attestasiya və dissertasiya şurası prosedurları, Qaydaların aydınlığı və sabitliyi, Doktorantlar üçün maliyyə dəstəyi",,
05.04.2026 14:48:00,"Universitetdə professor (30 il), AMEA da  institut direktoru (10 il)","Ecology (Land Reclamation, Groundwater Use, Melioration, etc.)","2026 cı iləqədər (Universitetdə professor (30 il), AMEA da  institut direktoru (10 il)",20,5,Qarabağ,Joint ,Həftədə bir dəfə,Qismən aydındır,Çox vacibdir,Çox vacibdir,Çox vacibdir,Vacib deyil,Çox vacibdir,Qismən əhəmiyyətlidir,Cavab verməkdə çətinlik çəkirəm,Heç razı deyiləm,Cavab verməkdə çətinlik çəkirəm,Heç razı deyiləm,Heç razı deyiləm,Cavab verməkdə çətinlik çəkirəm,Əsasən kifayət deyil,Cavab verməkdə çətinlik çəkirəm,Qismən razıyam,3-4 il,Cavab verməkdə çətinlik çəkirəm,Qismən razıyam,Qismən razıyam,Raziyam,Heç razı deyiləm,Heç razı deyiləm,Çox hazıram,"Bəli, əsasən mən",Qismən razıyam,Qismən razıyam,Heç razı deyiləm,"Elmi rəhbərlik üçün institusional dəstək, Tədqiqat etikası və akademik dürüstlük prosedurları, Doktorantura tədqiqatında süni intellektin istifadəsi və qaydaların tənzimlənməsi","Bu məsələ şəraitlə əlaqədar müzakirə olunmalıdır.Baxır mövzuya, doktoranrın hazırlığına və şəraitə.","İxtisasdan kənar fənlərin azaldılması, inkişaf etmiş müəssisə və təşkilatlarla əlaqə"
05.04.2026 15:47:29,Elmi-tədqiqat İnstitutu,History,şöbə müdiri,30,7,Bakı,Joint ,3 ayda bir dəfə,Çox aydındır,Vacibdir,Vacibdir,Vacibdir,Vacib deyil,Vacibdir,Qismən əhəmiyyətlidir,Raziyam,Raziyam,Cavab verməkdə çətinlik çəkirəm,Raziyam,Qismən razıyam,Qismən razıyam,Qismən kifayətdir,Heç razı deyiləm,Cavab verməkdə çətinlik çəkirəm,3-4 il,Cavab verməkdə çətinlik çəkirəm,Cavab verməkdə çətinlik çəkirəm,Raziyam,Cavab verməkdə çətinlik çəkirəm,Cavab verməkdə çətinlik çəkirəm,Cavab verməkdə çətinlik çəkirəm,Çox hazıram,"Bəli, digər şəxslərlə birlikdə (məsələn, kurslar, doktorantura məktəbi, birgə rəhbərlər)",Cavab verməkdə çətinlik çəkirəm,Cavab verməkdə çətinlik çəkirəm,Cavab verməkdə çətinlik çəkirəm,"Qaydaların aydınlığı və sabitliyi, Elmi rəhbərlik üçün institusional dəstək, Tədqiqat etikası və akademik dürüstlük prosedurları",,
05.04.2026 18:46:38,Universitet,Organization of Production,Professor ,20,3,Bakı,Individual,Ayda bir dəfə,Çox aydındır,Qismən əhəmiyyətlidir,Çox vacibdir,Çox vacibdir,Çox vacibdir,Çox vacibdir,Çox vacibdir,Qismən razıyam,Raziyam,Qismən razıyam,Qismən razıyam,Heç razı deyiləm,Qismən razıyam,Ümumilikdə kifayət deyil,Qismən razıyam,Qismən razıyam,3-4 il,Qismən razıyam,Qismən razıyam,Qismən razıyam,Raziyam,Qismən razıyam,Raziyam,Qismən hazıram,"Bəli, əsasən mən",Heç razı deyiləm,Heç razı deyiləm,Qismən razıyam,"Elmi rəhbərlik üçün institusional dəstək, Tədqiqat etikası və akademik dürüstlük prosedurları, Doktorantlar üçün maliyyə dəstəyi",,
05.04.2026 22:39:10,Universitet,,Ştat,7,3,Bakı,Individual,Ayda bir dəfə,Çox aydındır,Qismən əhəmiyyətlidir,Vacibdir,,Qismən əhəmiyyətlidir,,Qismən əhəmiyyətlidir,Raziyam,Raziyam,,Qismən razıyam,Qismən razıyam,,Qismən kifayətdir,,Qismən razıyam,,Qismən razıyam,,Qismən razıyam,,Qismən razıyam,Qismən razıyam,Çox hazıram,"Bəli, əsasən mən",Qismən razıyam,,Qismən razıyam,"Qaydaların aydınlığı və sabitliyi, Elmi rəhbərlərin iş yükü və vaxt bölgüsü, Tədqiqat etikası və akademik dürüstlük prosedurları",maddi və mənəvi rəğbətləndirmə,Müasir və aktual tədqiqatlara istiqamətləndirmək
06.04.2026 12:08:32,Elmi-tədqiqat İnstitutu,Information Technologies,baş lmi işçi,18,4,Bakı,Individual,Ayda bir dəfə,Qismən aydındır,Qismən əhəmiyyətlidir,Vacibdir,Vacibdir,Az əhəmiyyətlidir,Vacibdir,Qismən əhəmiyyətlidir,Qismən razıyam,Raziyam,Cavab verməkdə çətinlik çəkirəm,Qismən razıyam,Heç razı deyiləm,Qismən razıyam,Əsasən kifayət deyil,Heç razı deyiləm,Heç razı deyiləm,4-5 il,Cavab verməkdə çətinlik çəkirəm,Heç razı deyiləm,Cavab verməkdə çətinlik çəkirəm,Cavab verməkdə çətinlik çəkirəm,Cavab verməkdə çətinlik çəkirəm,Heç razı deyiləm,Qismən hazıram,"Bəli, digər şəxslərlə birlikdə (məsələn, kurslar, doktorantura məktəbi, birgə rəhbərlər)",Cavab verməkdə çətinlik çəkirəm,Qismən razıyam,Cavab verməkdə çətinlik çəkirəm,"Qaydaların aydınlığı və sabitliyi, Elmi rəhbərlərin iş yükü və vaxt bölgüsü, Elmi rəhbərlik üçün institusional dəstək","Elmi rəhbərliyin keyfiyyəti doktorantın fəaliyyətinin keyfiyyətindən, məhsuldarlığından və təşəbbüskarlığından asılıdır. Bunun üçün  doktorantın elmi rəhbəri ilə birgə hazırladığı və elmi müəssisə rəhbəri tərəfindən təsdiq edilmiş fəaliyyət qrafiki olmalı və ona əməl olunması ilə bağlı illik (yarımillik, kvartallıq, aylıq və s.) hesabatlılıq prinsipinə əməl olunmalıdır. Bu həm doktorantın fəaliyyətinin, həm də elmi rəhbərin məsuliyyətinin və beləliklə də, elmi rəhbərliyin keyfiyyətinin artmasına təsir göstərər.","Doktorantlar tədqiqatın nəticəsinə maraqlı olmalıdır, bu onlar üçün prioritet məsələ olmalıdır, yoxsa ""boş vaxtım olsun, nəsə yazaram"" prinsipi ilə müdafiə etmək çətin məsələdir. Məncə onlara qarşı inzibatçılığı bir qədər sərtləşdirmək, bəlkə də  ödənişli əsaslarla doktorantura təhsilinə keçmək (xüsusilə, kənar təşkilatlardan olan doktorantlar üçün) səmərə verə bilər. Bir də ki, doktorantın fəaliyyət qrafikində müəyyən vaxt üçün qoyulmuş məsələlərin həllinə vaxtında nail olunmadıqda inzibati tədbirlər nəzərdə tutula bilər (məsələn, aldıqları təqaüddən məhrumetmə, doktoranturadan kənarlaşdırma və s.). "
07.04.2026 4:12:26,Universitet,Economics,dosent,3,2,Bakı,Individual,Ayda bir dəfə,Qismən aydındır,Vacib deyil,Çox vacibdir,Çox vacibdir,Vacibdir,Çox vacibdir,Vacibdir,Raziyam,Raziyam,Raziyam,Raziyam,Cavab verməkdə çətinlik çəkirəm,Raziyam,Əsasən kifayət deyil,Raziyam,Cavab verməkdə çətinlik çəkirəm,3-4 il,Raziyam,Cavab verməkdə çətinlik çəkirəm,Cavab verməkdə çətinlik çəkirəm,Qismən razıyam,Heç razı deyiləm,Raziyam,Çox hazıram,"Bəli, əsasən mən",Qismən razıyam,Raziyam,Heç razı deyiləm,"Attestasiya və dissertasiya şurası prosedurları, Elmi rəhbərlik üçün institusional dəstək, Doktorantlar üçün maliyyə dəstəyi",elmi rehberlerin düzgün seçilmesi,"tedqiqata meylli telebelerin nezaretde saxlanilmasi,doktoranturaya qeder onların telim ve tedbirlere celb edilmesi"
07.04.2026 13:33:56,Universitet,Geography and Ecology,Bas muellim,7,1,Bakı,Individual,Ayda bir dəfə,Çox aydındır,Vacibdir,Vacibdir,Vacibdir,Vacibdir,Çox vacibdir,Çox vacibdir,Raziyam,Cavab verməkdə çətinlik çəkirəm,Cavab verməkdə çətinlik çəkirəm,Raziyam,Qismən razıyam,Qismən razıyam,Qismən kifayətdir,Qismən razıyam,Raziyam,4-5 il,Cavab verməkdə çətinlik çəkirəm,Raziyam,Raziyam,Raziyam,Cavab verməkdə çətinlik çəkirəm,Raziyam,Qismən hazıram,"Bəli, əsasən mən",Qismən razıyam,Qismən razıyam,Qismən razıyam,"İnzibati səmərəlilik və müddətlər, Elmi rəhbərlərin iş yükü və vaxt bölgüsü, Tədqiqat etikası və akademik dürüstlük prosedurları, Doktorantlar üçün maliyyə dəstəyi, Münaqişələrin həlli mexanizmləri",,
07.04.2026 15:06:08,Hər ikisi,Econometrics,tamştat,12,2,Bakı,Individual,,Qismən aydındır,Vacib deyil,Vacibdir,Çox vacibdir,Az əhəmiyyətlidir,Qismən əhəmiyyətlidir,Vacib deyil,Raziyam,Raziyam,Cavab verməkdə çətinlik çəkirəm,Qismən razıyam,Heç razı deyiləm,Qismən razıyam,Ümumilikdə kifayət deyil,Qismən razıyam,Raziyam,4-5 il,Heç razı deyiləm,Heç razı deyiləm,Qismən razıyam,Qismən razıyam,Heç razı deyiləm,Heç razı deyiləm,Çox hazıram,Tətbiq olunmur,Heç razı deyiləm,Heç razı deyiləm,Heç razı deyiləm,"Attestasiya və dissertasiya şurası prosedurları, Qaydaların aydınlığı və sabitliyi, Elmi rəhbərlərin iş yükü və vaxt bölgüsü, Elmi rəhbərlik üçün institusional dəstək, Tədqiqat etikası və akademik dürüstlük prosedurları, Doktorantlar üçün maliyyə dəstəyi, Rifah və psixi sağlamlıq dəstəyi",rəhbərliyin ictimai əsaslarla təminat vasitəsindən çixarılması,ümumiyətlə döktorantura üçün tədris və ya təlim  proqramı varmı? təşkilatların öz təşəbbüsündən başqa 
07.04.2026 22:30:26,Hər ikisi,History,elmi-tədqiqat institutunda tam ştat və  universitetdə yarımştat,1,1,Bakı,Individual,Həftədə bir dəfə,Çox aydındır,Vacibdir,Çox vacibdir,Çox vacibdir,Vacibdir,Çox vacibdir,Qismən əhəmiyyətlidir,Qismən razıyam,Raziyam,Raziyam,Qismən razıyam,Heç razı deyiləm,Qismən razıyam,Qismən kifayətdir,Heç razı deyiləm,Qismən razıyam,5-6 il,Raziyam,Qismən razıyam,Qismən razıyam,Heç razı deyiləm,Heç razı deyiləm,Qismən razıyam,Çox hazıram,"Bəli, əsasən mən",Qismən razıyam,Raziyam,Qismən razıyam,"Attestasiya və dissertasiya şurası prosedurları, Elmi rəhbərlərin iş yükü və vaxt bölgüsü, Doktorantlar üçün maliyyə dəstəyi","1. Elmi rəhbər, dissertasiya şurası üzvlüyü, seminar üzvlüyü üçün əlavə ödəmələrin verilməsi. 2. Elmi rəhbərlər və doktorantlar üçün xüsusi təlim-tədris proqramlarının təşkili. ","1. Doktorantura təhsilinin universitetlərdən alınıb elmi-tədqiqat institutlarına verilməsi. 2. Magistrantura və doktorantura təhsili müstəvisində universitetlər və elmi-tədqiqat institutları arasında qarşılıqlı əlaqələrin, nəzarətin, hesabatlılığın artırılması. Elmi-tədqiqat institutlarının elmi kadrların hazırlanmasında rolu artırılmalıdır, ali təhsil müəssisələri bakalavr təhsilinə olduğu kimi magistr və doktorantura təhsilinə də yalnız büdcə maraqları müstəvisində baxırlar."
09.04.2026 10:08:29,Universitet,Pedagogy,Dosent,10,2,Bakı,Individual,Ayda bir dəfə,Çox aydındır,Az əhəmiyyətlidir,Çox vacibdir,Vacibdir,Vacibdir,Vacibdir,Qismən əhəmiyyətlidir,Raziyam,Qismən razıyam,Raziyam,Heç razı deyiləm,Heç razı deyiləm,Qismən razıyam,Ümumilikdə kifayət deyil,Heç razı deyiləm,Qismən razıyam,3-4 il,Qismən razıyam,Qismən razıyam,Qismən razıyam,Cavab verməkdə çətinlik çəkirəm,Qismən razıyam,Heç razı deyiləm,Cavab verməkdə çətinlik çəkirəm,"Bəli, əsasən mən",Qismən razıyam,Cavab verməkdə çətinlik çəkirəm,Heç razı deyiləm,"Attestasiya və dissertasiya şurası prosedurları, İnzibati səmərəlilik və müddətlər, Elmi rəhbərlərin iş yükü və vaxt bölgüsü",Şuraların işi (problem budur).,AAK ı. təkmilləşdirin.
09.04.2026 14:49:40,Universitet,Economics,ştat,2,2,Bakı,Individual,Ayda bir dəfə,Qismən aydındır,Qismən əhəmiyyətlidir,Vacibdir,Vacibdir,Vacibdir,Vacibdir,Vacibdir,Raziyam,Raziyam,Qismən razıyam,Raziyam,Raziyam,Raziyam,Qismən kifayətdir,Raziyam,Qismən razıyam,3-4 il,Raziyam,Heç razı deyiləm,Qismən razıyam,Heç razı deyiləm,Raziyam,Raziyam,Qismən hazıram,"Bəli, əsasən mən",Qismən razıyam,Raziyam,Cavab verməkdə çətinlik çəkirəm,"Attestasiya və dissertasiya şurası prosedurları, İnzibati səmərəlilik və müddətlər, Qaydaların aydınlığı və sabitliyi",-,-
09.04.2026 17:37:48,Elmi-tədqiqat İnstitutu,Organic Chemistry,laboratoriya müdiri,10,5,Bakı,Joint ,Həftədə bir dəfə,Qismən aydındır,Vacib deyil,Çox vacibdir,Çox vacibdir,Vacibdir,Çox vacibdir,Vacibdir,Raziyam,Raziyam,Qismən razıyam,Qismən razıyam,Heç razı deyiləm,Qismən razıyam,Əsasən kifayət deyil,Heç razı deyiləm,Qismən razıyam,5-6 il,Qismən razıyam,Raziyam,Raziyam,Raziyam,Raziyam,Qismən razıyam,Çox hazıram,"Bəli, digər şəxslərlə birlikdə (məsələn, kurslar, doktorantura məktəbi, birgə rəhbərlər)",Qismən razıyam,Raziyam,Raziyam,"Elmi rəhbərlərin təlimi və peşəkar inkişafı, Tədqiqat etikası və akademik dürüstlük prosedurları, Doktorantlar üçün maliyyə dəstəyi","Elmi rəhbərlərə doktorant hazırlığı üçün nəzərəçarpacaq vəsait ayrılmalıdır ki, o doktoranta daha çox vaxt ayıra bilsin. ","Doktorantlara ixtisas fənninin kurs şəklində tədrisi aparılmalı, kursu başa vurduqdan sonra imtahan verməli və tədqiqat aparmaq mərhələsinə icazə verilməlidir. Tədris müddətində hər bir doktorant xarici təcrübəkeçməyə göndərilməli, onun akademik tədqiqatla bağlı beynəlxalq səviyyəli baxışları, təsəvvürləri formalaşsın. Doktoranta tədqiqat müəssisisəsində işlə təmin olunmalıdır ki, oraya tam bağlansın və akademik karyerasını davam etdirə bilsin"
14.04.2026 11:38:16,Elmi-tədqiqat İnstitutu,Biology,şöbə müdiri - ştat,18,2,Bakı,Individual,Həftədə bir dəfə,Çox aydındır,Az əhəmiyyətlidir,Vacibdir,Çox vacibdir,Qismən əhəmiyyətlidir,Çox vacibdir,Çox vacibdir,Heç razı deyiləm,Qismən razıyam,Qismən razıyam,Qismən razıyam,Heç razı deyiləm,Raziyam,Qismən kifayətdir,Qismən razıyam,Raziyam,4-5 il,Raziyam,Raziyam,Raziyam,Qismən razıyam,Raziyam,Qismən razıyam,Çox hazıram,"Bəli, digər şəxslərlə birlikdə (məsələn, kurslar, doktorantura məktəbi, birgə rəhbərlər)",Qismən razıyam,Raziyam,Qismən razıyam,"Attestasiya və dissertasiya şurası prosedurları, Elmi rəhbərlik üçün institusional dəstək, Doktorantlar üçün maliyyə dəstəyi","Müəssisə tərəfindən müasir tədqiqat avadanlıqlarının təmin edilməsi, elmi rəhbərə tədqiqat azadlığı imkanı üçün elmi layihələrin dəstəklənməsi mexanizmlərinin gücləndirilməsi","Müdafiə prosedurlarında sadələşmə, lakin müdafiəyə qədər daha ciddi yanaşma - yerli və xarici mütəəxəssislərin iştirakı ilə mütəmadi seminar və müzakirələrin təşkili"